trimestre,ciiu,macrosector,var_pib_pct,var_pib_norm,momentum,momentum_norm,icds,estado,estado_nombre,vulnerabilidad,color,macrosector_id,icds_original,icds_star,ajuste_mip
2015T1,A,Agropecuario,3.1543,0.3877970895753684,,,0.4214579627027579,S3,Estabilidad,Moderada,#378ADD,M01,0.4214579627027579,0.4099,0.0115
2015T1,B,Minería y energía,-2.6787,0.3393287892397548,,,0.3875301524678283,S4,Decrecimiento,Media,#BA7517,M02,0.3875301524678283,0.37,0.0175
2015T1,C,Manufactura,0.6956,0.3673669489898767,,,0.4071568642929136,S3,Estabilidad,Moderada,#378ADD,M03,0.4071568642929136,0.3836,0.0236
2015T1,D + E,Electricidad y servicios públicos,-0.6562,0.3561344016911141,,,0.3992940811837798,S4,Decrecimiento,Media,#BA7517,M04,0.3992940811837798,0.3759,0.0234
2015T1,F,Construcción,5.8232,0.4099738505501189,,,0.4369816953850832,S3,Estabilidad,Moderada,#378ADD,M05,0.4369816953850832,0.4186,0.0184
2015T1,G + H + I,"Comercio, transporte y turismo",3.5944,0.3914540240820895,,,0.4240178168574626,S3,Estabilidad,Moderada,#378ADD,M06,0.4240178168574626,0.4083,0.0157
2015T1,J,TIC y economía digital,0.3881,0.3648118311511658,,,0.4053682818058161,S3,Estabilidad,Moderada,#378ADD,M07,0.4053682818058161,0.3887,0.0167
2015T1,K,Financiero y seguros,11.0298,0.4532371888884365,,,0.4672660322219055,S3,Estabilidad,Moderada,#378ADD,M08,0.4672660322219055,0.4571,0.0101
2015T1,L,Inmobiliario,2.9766,0.3863205222910142,,,0.4204243656037099,S3,Estabilidad,Moderada,#378ADD,M09,0.4204243656037099,0.4162,0.0043
2015T1,M + N,Servicios profesionales,2.0378,0.3785197267561138,,,0.4149638087292796,S3,Estabilidad,Moderada,#378ADD,M10,0.4149638087292796,0.4041,0.0109
2015T1,O + P + Q,"Gobierno, educación y salud",5.9336,0.4108912001741635,,,0.4376238401219143,S3,Estabilidad,Moderada,#378ADD,M11,0.4376238401219143,0.4245,0.0131
2015T1,R + S + T,"Arte, recreación y otros servicios",2.1817,0.3797154388113675,,,0.4158008071679572,S3,Estabilidad,Moderada,#378ADD,M12,0.4158008071679572,0.4017,0.0141
2015T2,A,Agropecuario,2.7471,0.3844135319040738,2.9507000000000003,0.44717206353748,0.4032410913940957,S3,Estabilidad,Moderada,#378ADD,M01,0.4032410913940957,0.3889,0.0144
2015T2,B,Minería y energía,2.8583,0.3853375289891621,0.0897999999999998,0.4078175902486634,0.3920815473670125,S4,Decrecimiento,Media,#BA7517,M02,0.3920815473670125,0.3718,0.0202
2015T2,C,Manufactura,0.9868,0.3697866248098203,0.8412,0.418153831022272,0.3842967866735558,S4,Decrecimiento,Media,#BA7517,M03,0.3842967866735558,0.3556,0.0287
2015T2,D + E,Electricidad y servicios públicos,-2.1522,0.3437036495392063,-1.4042,0.3872661612950152,0.3567724030659489,S4,Decrecimiento,Media,#BA7517,M04,0.3567724030659489,0.3261,0.0307
2015T2,F,Construcción,9.7512,0.4426128842751816,7.7872,0.5137028440825401,0.4639398722173891,S3,Estabilidad,Moderada,#378ADD,M05,0.4639398722173891,0.4435,0.0205
2015T2,G + H + I,"Comercio, transporte y turismo",2.8371,0.3851613712715014,3.21575,0.4508180851199195,0.4048583854260268,S3,Estabilidad,Moderada,#378ADD,M06,0.4048583854260268,0.3853,0.0196
2015T2,J,TIC y economía digital,-0.7931,0.3549968549199936,-0.2025,0.4037967183054563,0.3696368139356324,S4,Decrecimiento,Media,#BA7517,M07,0.3696368139356324,0.3471,0.0225
2015T2,K,Financiero y seguros,8.7634,0.4344049317513484,9.8966,0.5427197010000939,0.466899362525972,S3,Estabilidad,Moderada,#378ADD,M08,0.466899362525972,0.4548,0.0121
2015T2,L,Inmobiliario,3.0732,0.3871232032120532,3.0249,0.4481927569968916,0.4054440693475046,S3,Estabilidad,Moderada,#378ADD,M09,0.4054440693475046,0.4006,0.0048
2015T2,M + N,Servicios profesionales,0.1981,0.363233059153263,1.11795,0.421960797530252,0.3808513806663597,S4,Decrecimiento,Media,#BA7517,M10,0.3808513806663597,0.3666,0.0143
2015T2,O + P + Q,"Gobierno, educación y salud",7.6036,0.424767775103098,6.7686,0.4996910063769268,0.4472447444852466,S3,Estabilidad,Moderada,#378ADD,M11,0.4472447444852466,0.4318,0.0155
2015T2,R + S + T,"Arte, recreación y otros servicios",4.7371,0.4009490912505286,3.4594,0.4541697288043615,0.4169152825166785,S3,Estabilidad,Moderada,#378ADD,M12,0.4169152825166785,0.4001,0.0168
2015T3,A,Agropecuario,6.8692,0.4186654058648887,4.256866666666666,0.4651396615640019,0.4326076825746226,S3,Estabilidad,Moderada,#378ADD,M01,0.4326076825746226,0.4199,0.0127
2015T3,B,Minería y energía,-2.5263,0.3405951305685989,-0.7822333333333334,0.3958219201715462,0.357163167449483,S4,Decrecimiento,Media,#BA7517,M02,0.357163167449483,0.3355,0.0216
2015T3,C,Manufactura,2.2614,0.3803776921178561,1.3146,0.4246659103172231,0.3936641575776662,S4,Decrecimiento,Media,#BA7517,M03,0.3936641575776662,0.367,0.0266
2015T3,D + E,Electricidad y servicios públicos,-0.3626,0.358574019894189,-1.0570000000000002,0.3920422363503744,0.3686144848310446,S4,Decrecimiento,Media,#BA7517,M04,0.3686144848310446,0.3386,0.03
2015T3,F,Construcción,1.8136,0.3766567757985886,5.796,0.4863119435922426,0.4095533261366847,S3,Estabilidad,Moderada,#378ADD,M05,0.4095533261366847,0.3871,0.0224
2015T3,G + H + I,"Comercio, transporte y turismo",3.4277,0.3900688593870874,3.2864,0.4517899448626071,0.4085851850297433,S3,Estabilidad,Moderada,#378ADD,M06,0.4085851850297433,0.3898,0.0188
2015T3,J,TIC y economía digital,4.1564,0.3961238654653596,1.2504666666666664,0.4237836936883339,0.4044218139322519,S3,Estabilidad,Moderada,#378ADD,M07,0.4044218139322519,0.3847,0.0197
2015T3,K,Financiero y seguros,8.4419,0.4317334833443709,9.411700000000002,0.5360494279749106,0.4630282667335328,S3,Estabilidad,Moderada,#378ADD,M08,0.4630282667335328,0.4509,0.0122
2015T3,L,Inmobiliario,3.1215,0.3875245436725726,3.0571,0.4486356994415418,0.4058578904032633,S3,Estabilidad,Moderada,#378ADD,M09,0.4058578904032633,0.4004,0.0054
2015T3,M + N,Servicios profesionales,1.0203,0.3700649872410294,1.0854,0.4215130404938121,0.3854994032168642,S4,Decrecimiento,Media,#BA7517,M10,0.3854994032168642,0.372,0.0135
2015T3,O + P + Q,"Gobierno, educación y salud",9.9809,0.4445215365273829,7.839366666666667,0.5144204475254776,0.4654912098268113,S3,Estabilidad,Moderada,#378ADD,M11,0.4654912098268113,0.4511,0.0144
2015T3,R + S + T,"Arte, recreación y otros servicios",4.2447,0.3968575789780692,3.7211666666666665,0.4577705849304883,0.4151314807637949,S3,Estabilidad,Moderada,#378ADD,M12,0.4151314807637949,0.3987,0.0164
2015T4,A,Agropecuario,4.2056,0.3965326843195534,4.24405,0.4649633557979894,0.4170618857630842,S3,Estabilidad,Moderada,#378ADD,M01,0.4170618857630842,0.4044,0.0127
2015T4,B,Minería y energía,-1.7353,0.3471678076756571,-1.0205000000000002,0.3925443294941549,0.3607807642212064,S4,Decrecimiento,Media,#BA7517,M02,0.3607807642212064,0.3393,0.0215
2015T4,C,Manufactura,3.8841,0.3938612359125759,1.956975,0.4335024057483475,0.4057535868633074,S3,Estabilidad,Moderada,#378ADD,M03,0.4057535868633074,0.3793,0.0265
2015T4,D + E,Electricidad y servicios públicos,0.3612,0.3645883102735679,-0.70245,0.3969194178333168,0.3742876425414926,S4,Decrecimiento,Media,#BA7517,M04,0.3742876425414926,0.3448,0.0295
2015T4,F,Construcción,7.9734,0.4278405639705949,6.34035,0.493800009422844,0.4476283976062696,S3,Estabilidad,Moderada,#378ADD,M05,0.4476283976062696,0.4276,0.02
2015T4,G + H + I,"Comercio, transporte y turismo",3.4599,0.3903364196941004,3.329775,0.4523866103451134,0.4089514768894043,S3,Estabilidad,Moderada,#378ADD,M06,0.4089514768894043,0.3897,0.0192
2015T4,J,TIC y economía digital,1.4359,0.373518343253284,1.296825,0.4244213978341903,0.3887892596275559,S4,Decrecimiento,Media,#BA7517,M07,0.3887892596275559,0.3659,0.0229
2015T4,K,Financiero y seguros,3.8367,0.3934673738457307,8.01795,0.5168770356695911,0.4304902723928888,S3,Estabilidad,Moderada,#378ADD,M08,0.4304902723928888,0.4143,0.0162
2015T4,L,Inmobiliario,3.594,0.3914507003515676,3.191325,0.4504820953928827,0.4091601188639621,S3,Estabilidad,Moderada,#378ADD,M09,0.4091601188639621,0.4034,0.0058
2015T4,M + N,Servicios profesionales,-3.4138,0.3332206034731322,-0.0394000000000001,0.4060403180794456,0.3550665178550262,S4,Decrecimiento,Media,#BA7517,M10,0.3550665178550262,0.3395,0.0155
2015T4,O + P + Q,"Gobierno, educación y salud",-1.1911,0.3516897430507026,5.58175,0.4833647256181335,0.3911922378209319,S4,Decrecimiento,Media,#BA7517,M11,0.3911922378209319,0.3715,0.0197
2015T4,R + S + T,"Arte, recreación y otros servicios",5.6867,0.4088396275095204,4.21255,0.4645300425369185,0.4255467520177398,S3,Estabilidad,Moderada,#378ADD,M12,0.4255467520177398,0.4091,0.0165
2016T1,A,Agropecuario,-0.6198,0.356436861168607,3.300525,0.4519842480312619,0.3851010772274035,S4,Decrecimiento,Media,#BA7517,M01,0.3851010772274035,0.3717,0.0134
2016T1,B,Minería y energía,-1.1503,0.3520287635639365,-0.6384000000000001,0.3978004881308276,0.3657602809340038,S4,Decrecimiento,Media,#BA7517,M02,0.3657602809340038,0.3448,0.021
2016T1,C,Manufactura,4.3339,0.397598770884453,2.86655,0.4460144981114765,0.41212348905256,S3,Estabilidad,Moderada,#378ADD,M03,0.41212348905256,0.3846,0.0275
2016T1,D + E,Electricidad y servicios públicos,1.1087,0.3707995316863695,-0.261225,0.4029888985830313,0.380456341755368,S4,Decrecimiento,Media,#BA7517,M04,0.380456341755368,0.3519,0.0286
2016T1,F,Construcción,8.6691,0.4336213622808103,7.051825,0.5035870428330159,0.454611066446472,S3,Estabilidad,Moderada,#378ADD,M05,0.454611066446472,0.4353,0.0193
2016T1,G + H + I,"Comercio, transporte y turismo",3.5761,0.3913019634107125,3.3252,0.4523236767524341,0.409608477413229,S3,Estabilidad,Moderada,#378ADD,M06,0.409608477413229,0.3902,0.0194
2016T1,J,TIC y economía digital,0.3367,0.3643847317791015,1.283975,0.4242446335356264,0.382342702306059,S4,Decrecimiento,Media,#BA7517,M07,0.382342702306059,0.3588,0.0235
2016T1,K,Financiero y seguros,2.277,0.3805073176082102,5.82975,0.4867762078005329,0.412387984665907,S3,Estabilidad,Moderada,#378ADD,M08,0.412387984665907,0.3945,0.0179
2016T1,L,Inmobiliario,3.4113,0.3899325864356895,3.3000000000000003,0.4519770261435773,0.4085459183480558,S3,Estabilidad,Moderada,#378ADD,M09,0.4085459183480558,0.4026,0.0059
2016T1,M + N,Servicios profesionales,-3.0933,0.335883742553805,-1.322175,0.3883944952708672,0.3516369683689236,S4,Decrecimiento,Media,#BA7517,M10,0.3516369683689236,0.3357,0.0159
2016T1,O + P + Q,"Gobierno, educación y salud",1.8565,0.3770132458970623,4.562474999999999,0.4693436026283545,0.4047123529164499,S3,Estabilidad,Moderada,#378ADD,M11,0.4047123529164499,0.3855,0.0192
2016T1,R + S + T,"Arte, recreación y otros servicios",5.9963,0.4114121949334713,5.1662,0.4776484295661332,0.4312830653232699,S3,Estabilidad,Moderada,#378ADD,M12,0.4312830653232699,0.415,0.0163
2016T2,A,Agropecuario,0.9729,0.3696711251741842,2.856975,0.4458827846360874,0.3925346230127552,S4,Decrecimiento,Media,#BA7517,M01,0.3925346230127552,0.38,0.0126
2016T2,B,Minería y energía,-5.0148,0.3199173720592255,-2.606675,0.3707249434027541,0.3351596434622841,S4,Decrecimiento,Media,#BA7517,M02,0.3351596434622841,0.3122,0.023
2016T2,C,Manufactura,6.0232,0.4116357158110692,4.12565,0.4633346481754245,0.4271453955203758,S3,Estabilidad,Moderada,#378ADD,M03,0.4271453955203758,0.4003,0.0268
2016T2,D + E,Electricidad y servicios públicos,-0.8801,0.3542739435314803,0.0567999999999999,0.4073636430227796,0.3702008533788701,S4,Decrecimiento,Media,#BA7517,M04,0.3702008533788701,0.3391,0.0311
2016T2,F,Construcción,2.5713,0.3829527523396985,5.25685,0.4788954088396593,0.4117355492896868,S3,Estabilidad,Moderada,#378ADD,M05,0.4117355492896868,0.3908,0.0209
2016T2,G + H + I,"Comercio, transporte y turismo",2.4786,0.3821824777912481,3.235575,0.4510907973548633,0.4028549736603326,S3,Estabilidad,Moderada,#378ADD,M06,0.4028549736603326,0.3832,0.0197
2016T2,J,TIC y economía digital,0.8419,0.3685826034282619,1.6927249999999998,0.4298673889471416,0.3869680390839258,S4,Decrecimiento,Media,#BA7517,M07,0.3869680390839258,0.3638,0.0232
2016T2,K,Financiero y seguros,1.4444,0.3735889725268744,4.0,0.4616062097229306,0.3999941436856913,S4,Decrecimiento,Media,#BA7517,M08,0.3999941436856913,0.381,0.019
2016T2,L,Inmobiliario,3.7893,0.3930735117788855,3.479025,0.4544396898439969,0.4114833651984189,S3,Estabilidad,Moderada,#378ADD,M09,0.4114833651984189,0.4049,0.0066
2016T2,M + N,Servicios profesionales,-2.293,0.3425336963954973,-1.94495,0.3798276169799648,0.3537218725708375,S4,Decrecimiento,Media,#BA7517,M10,0.3537218725708375,0.3378,0.0159
2016T2,O + P + Q,"Gobierno, educación y salud",4.6029,0.399833979660431,3.8123,0.4590242129260097,0.4175910496401046,S3,Estabilidad,Moderada,#378ADD,M11,0.4175910496401046,0.3987,0.0189
2016T2,R + S + T,"Arte, recreación y otros servicios",6.8704,0.4186753770564544,5.699525,0.4849848357553596,0.4385682146661259,S3,Estabilidad,Moderada,#378ADD,M12,0.4385682146661259,0.4225,0.0161
2016T3,A,Agropecuario,1.514,0.3741673016376851,1.5181749999999998,0.4274662832417472,0.3901569961189037,S4,Decrecimiento,Media,#BA7517,M01,0.3901569961189037,0.3757,0.0144
2016T3,B,Minería y energía,-1.1031,0.3524209637655208,-2.250875,0.3756193198563738,0.3593804705927766,S4,Decrecimiento,Media,#BA7517,M02,0.3593804705927766,0.3366,0.0228
2016T3,C,Manufactura,1.4084,0.3732898367799034,3.9124,0.4604011861778572,0.3994232415992895,S4,Decrecimiento,Media,#BA7517,M03,0.3994232415992895,0.3699,0.0295
2016T3,D + E,Electricidad y servicios públicos,-0.8245,0.3547359420740245,-0.058675,0.4057751716315999,0.370047710941297,S4,Decrecimiento,Media,#BA7517,M04,0.370047710941297,0.3388,0.0313
2016T3,F,Construcción,4.5448,0.399351207802125,5.939649999999999,0.4882879896224913,0.4260322423482349,S3,Estabilidad,Moderada,#378ADD,M05,0.4260322423482349,0.4033,0.0228
2016T3,G + H + I,"Comercio, transporte y turismo",2.1729,0.3796423167398857,2.921875,0.4467755475136589,0.3997822859720176,S4,Decrecimiento,Media,#BA7517,M06,0.3997822859720176,0.3784,0.0213
2016T3,J,TIC y economía digital,-0.8446,0.354568924615299,0.4424749999999999,0.4126689792755897,0.3719989410133861,S4,Decrecimiento,Media,#BA7517,M07,0.3719989410133861,0.3466,0.0254
2016T3,K,Financiero y seguros,2.3631,0.3812227506030494,2.4803,0.4407012521721547,0.3990663010737809,S4,Decrecimiento,Media,#BA7517,M08,0.3990663010737809,0.3793,0.0198
2016T3,L,Inmobiliario,3.6242,0.3917016420059711,3.6047,0.4561684721959044,0.4110416910629511,S3,Estabilidad,Moderada,#378ADD,M09,0.4110416910629511,0.4043,0.0068
2016T3,M + N,Servicios profesionales,-3.5654,0.3319609096053319,-3.091375,0.364057421572879,0.341589863195596,S4,Decrecimiento,Media,#BA7517,M10,0.341589863195596,0.3244,0.0171
2016T3,O + P + Q,"Gobierno, educación y salud",0.7867,0.3681239286162396,1.51375,0.4274054130455492,0.3859083739450324,S4,Decrecimiento,Media,#BA7517,M11,0.3859083739450324,0.3644,0.0215
2016T3,R + S + T,"Arte, recreación y otros servicios",5.3419,0.4059745717996422,5.973825,0.4887581001208119,0.430809630295993,S3,Estabilidad,Moderada,#378ADD,M12,0.430809630295993,0.4132,0.0176
2016T4,A,Agropecuario,8.9297,0.4357867727158285,2.6992000000000003,0.4437124354371838,0.438164471532235,S3,Estabilidad,Moderada,#378ADD,M01,0.438164471532235,0.4254,0.0127
2016T4,B,Minería y energía,-4.167,0.3269620189003936,-2.8588,0.3672567178171191,0.3390504285754112,S4,Decrecimiento,Media,#BA7517,M02,0.3390504285754112,0.3155,0.0236
2016T4,C,Manufactura,1.4748,0.3738415760465389,3.310075,0.4521156176072373,0.3973237885147484,S4,Decrecimiento,Media,#BA7517,M03,0.3973237885147484,0.3702,0.0272
2016T4,D + E,Electricidad y servicios públicos,0.5768,0.3663798010248723,-0.004775,0.40651661876721,0.3784208463475735,S4,Decrecimiento,Media,#BA7517,M04,0.3784208463475735,0.348,0.0304
2016T4,F,Construcción,-0.7223,0.35558515522237,3.765725,0.4583835283185692,0.3864246671512298,S4,Decrecimiento,Media,#BA7517,M05,0.3864246671512298,0.3618,0.0246
2016T4,G + H + I,"Comercio, transporte y turismo",2.5821,0.3830424930637898,2.702425,0.4437567984615316,0.4012567846831123,S3,Estabilidad,Moderada,#378ADD,M06,0.4012567846831123,0.3805,0.0207
2016T4,J,TIC y economía digital,-2.6554,0.3395223965426555,-0.5803500000000001,0.3985990225690868,0.3572453843505848,S4,Decrecimiento,Media,#BA7517,M07,0.3572453843505848,0.3323,0.025
2016T4,K,Financiero y seguros,5.7886,0.4096863478599746,2.968275,0.4474138248252046,0.4210045909495435,S3,Estabilidad,Moderada,#378ADD,M08,0.4210045909495435,0.4038,0.0172
2016T4,L,Inmobiliario,3.2947,0.3889637189885555,3.529875,0.4551391812511542,0.4088163576673351,S3,Estabilidad,Moderada,#378ADD,M09,0.4088163576673351,0.4021,0.0067
2016T4,M + N,Servicios profesionales,-0.9461,0.3537255279953667,-2.47445,0.3725438274010111,0.35937101781706,S4,Decrecimiento,Media,#BA7517,M10,0.35937101781706,0.3434,0.016
2016T4,O + P + Q,"Gobierno, educación y salud",7.3051,0.4222874412011297,3.6378,0.4566237950194424,0.4325883473466235,S3,Estabilidad,Moderada,#378ADD,M11,0.4325883473466235,0.4142,0.0183
2016T4,R + S + T,"Arte, recreación y otros servicios",4.1563,0.3961230345327292,5.591225,0.4834950634958683,0.4223346432216709,S3,Estabilidad,Moderada,#378ADD,M12,0.4223346432216709,0.4048,0.0175
2017T1,A,Agropecuario,11.1805,0.4544894043625625,5.649275,0.4842935979341276,0.4634306624340319,S3,Estabilidad,Moderada,#378ADD,M01,0.4634306624340319,0.4507,0.0127
2017T1,B,Minería y energía,-8.1923,0.2935144877258786,-4.6193,0.3430393211150457,0.3083719377426287,S4,Decrecimiento,Media,#BA7517,M02,0.3083719377426287,0.282,0.0264
2017T1,C,Manufactura,0.6381,0.3668891627273535,2.386125,0.4394057830813181,0.3886441488335429,S4,Decrecimiento,Media,#BA7517,M03,0.3886441488335429,0.3606,0.028
2017T1,D + E,Electricidad y servicios públicos,0.5088,0.3658147668361492,-0.15475,0.4044535661853336,0.3774064066409045,S4,Decrecimiento,Media,#BA7517,M04,0.3774064066409045,0.3456,0.0318
2017T1,F,Construcción,-4.3497,0.3254439049845156,0.5110250000000001,0.4136119514675392,0.3518943189294226,S4,Decrecimiento,Media,#BA7517,M05,0.3518943189294226,0.3237,0.0282
2017T1,G + H + I,"Comercio, transporte y turismo",1.2235,0.3717534423461549,2.114275,0.4356662208583936,0.3909272758998265,S4,Decrecimiento,Media,#BA7517,M06,0.3909272758998265,0.369,0.0219
2017T1,J,TIC y economía digital,-1.3764,0.3501500248864323,-1.008625,0.3927076817155904,0.3629173219351797,S4,Decrecimiento,Media,#BA7517,M07,0.3629173219351797,0.3386,0.0243
2017T1,K,Financiero y seguros,2.3814,0.3813748112744263,2.994375,0.447772855812949,0.4012942246359831,S3,Estabilidad,Moderada,#378ADD,M08,0.4012942246359831,0.3824,0.0189
2017T1,L,Inmobiliario,3.2517,0.3886064179574512,3.489975,0.4545903177871311,0.4084015879063552,S3,Estabilidad,Moderada,#378ADD,M09,0.4084015879063552,0.4011,0.0073
2017T1,M + N,Servicios profesionales,0.2702,0.3638321615798356,-1.633575,0.3841108841757092,0.3699157783585977,S4,Decrecimiento,Media,#BA7517,M10,0.3699157783585977,0.3541,0.0158
2017T1,O + P + Q,"Gobierno, educación y salud",3.2078,0.3882416385326727,3.975625,0.461270907794721,0.4101504193112871,S3,Estabilidad,Moderada,#378ADD,M11,0.4101504193112871,0.3905,0.0197
2017T1,R + S + T,"Arte, recreación y otros servicios",2.9706,0.3862706663331857,4.8348,0.4730896989401364,0.4123163761152709,S3,Estabilidad,Moderada,#378ADD,M12,0.4123163761152709,0.3939,0.0185
2017T2,A,Agropecuario,6.2916,0.4138659389912644,6.97895,0.5025845760425225,0.4404815301066418,S3,Estabilidad,Moderada,#378ADD,M01,0.4404815301066418,0.4249,0.0156
2017T2,B,Minería y energía,-4.6421,0.3230142579730063,-4.526125,0.3443210342293403,0.3294062908499065,S4,Decrecimiento,Media,#BA7517,M02,0.3294062908499065,0.3039,0.0255
2017T2,C,Manufactura,-4.5565,0.323725536304693,-0.2588000000000001,0.4030222568261454,0.3475145524611287,S4,Decrecimiento,Media,#BA7517,M03,0.3475145524611287,0.3152,0.0323
2017T2,D + E,Electricidad y servicios públicos,3.1394,0.3876732806134277,0.850125,0.4182766031129087,0.396854277363272,S4,Decrecimiento,Media,#BA7517,M04,0.396854277363272,0.3686,0.0282
2017T2,F,Construcción,-1.1046,0.3524084997760636,-0.4079499999999999,0.4009705529249162,0.3669771157207194,S4,Decrecimiento,Media,#BA7517,M05,0.3669771157207194,0.3368,0.0302
2017T2,G + H + I,"Comercio, transporte y turismo",2.2844,0.3805688066228654,2.065725,0.4349983681972827,0.3968976750951906,S4,Decrecimiento,Media,#BA7517,M06,0.3968976750951906,0.3746,0.0223
2017T2,J,TIC y economía digital,0.0544,0.3620390089632703,-1.2055000000000002,0.3899994738338973,0.3704271484244583,S4,Decrecimiento,Media,#BA7517,M07,0.3704271484244583,0.3475,0.0229
2017T2,K,Financiero y seguros,7.3654,0.4227884935773062,4.474625,0.4681351400891457,0.436392487530858,S3,Estabilidad,Moderada,#378ADD,M08,0.436392487530858,0.4212,0.0152
2017T2,L,Inmobiliario,2.8168,0.3849926919475149,3.24685,0.4512458959903737,0.4048686531603725,S3,Estabilidad,Moderada,#378ADD,M09,0.4048686531603725,0.3982,0.0067
2017T2,M + N,Servicios profesionales,1.7463,0.3760975581382788,-0.62375,0.3980020131871669,0.3826688946529452,S4,Decrecimiento,Media,#BA7517,M10,0.3826688946529452,0.3676,0.015
2017T2,O + P + Q,"Gobierno, educación y salud",3.5725,0.3912720498360154,3.718025,0.457727368237519,0.4112086453564665,S3,Estabilidad,Moderada,#378ADD,M11,0.4112086453564665,0.3925,0.0187
2017T2,R + S + T,"Arte, recreación y otros servicios",1.8597,0.3770398357412375,3.582125,0.4558579310254702,0.4006852643265073,S3,Estabilidad,Moderada,#378ADD,M12,0.4006852643265073,0.3815,0.0192
2017T3,A,Agropecuario,5.9639,0.4111429727611974,8.091425000000001,0.5178877560460097,0.443166407746641,S3,Estabilidad,Moderada,#378ADD,M01,0.443166407746641,0.429,0.0142
2017T3,B,Minería y energía,-6.4833,0.3077151263806984,-5.871175,0.3258185579816131,0.3131461558609728,S4,Decrecimiento,Media,#BA7517,M02,0.3131461558609728,0.288,0.0252
2017T3,C,Manufactura,-1.0933,0.3525023951633073,-0.8842250000000003,0.3944189251974069,0.3650773541735372,S4,Decrecimiento,Media,#BA7517,M03,0.3650773541735372,0.3348,0.0303
2017T3,D + E,Electricidad y servicios públicos,3.9824,0.3946780426883329,2.05185,0.4348075040227634,0.4067168810886621,S3,Estabilidad,Moderada,#378ADD,M04,0.4067168810886621,0.3799,0.0268
2017T3,F,Construcción,-2.107,0.344079231088181,-2.0709,0.3780950517345083,0.3542839772820792,S4,Decrecimiento,Media,#BA7517,M05,0.3542839772820792,0.3252,0.0291
2017T3,G + H + I,"Comercio, transporte y turismo",3.459,0.3903289413004262,2.38725,0.4394212585549278,0.4050566364767767,S3,Estabilidad,Moderada,#378ADD,M06,0.4050566364767767,0.3839,0.0212
2017T3,J,TIC y economía digital,-2.8989,0.3374990755874486,-1.719075,0.3829347481813739,0.3511297773656262,S4,Decrecimiento,Media,#BA7517,M07,0.3511297773656262,0.3278,0.0233
2017T3,K,Financiero y seguros,4.5061,0.3990296368741312,5.010375,0.4755049045214863,0.4219722171683376,S3,Estabilidad,Moderada,#378ADD,M08,0.4219722171683376,0.4057,0.0162
2017T3,L,Inmobiliario,2.9398,0.3860147390829993,3.07575,0.4488922484040488,0.4048779918793141,S3,Estabilidad,Moderada,#378ADD,M09,0.4048779918793141,0.3981,0.0068
2017T3,M + N,Servicios profesionales,2.0897,0.3789509807913304,0.790025,0.4174498689227386,0.3905006472307528,S4,Decrecimiento,Media,#BA7517,M10,0.3905006472307528,0.376,0.0145
2017T3,O + P + Q,"Gobierno, educación y salud",3.1663,0.3878968014910255,4.312925,0.465910798682315,0.4113010006484123,S3,Estabilidad,Moderada,#378ADD,M11,0.4113010006484123,0.3931,0.0182
2017T3,R + S + T,"Arte, recreación y otros servicios",1.6403,0.3752167695499752,2.656725,0.4431281503335653,0.3955901837850523,S4,Decrecimiento,Media,#BA7517,M12,0.3955901837850523,0.3769,0.0186
2017T4,A,Agropecuario,-0.297,0.3591191116997807,5.78475,0.4861571888561459,0.3972305348466903,S4,Decrecimiento,Media,#BA7517,M01,0.3972305348466903,0.3804,0.0168
2017T4,B,Minería y energía,-3.6831,0.3309829018992626,-5.7502,0.3274826872437735,0.3299328375026158,S4,Decrecimiento,Media,#BA7517,M02,0.3299328375026158,0.3042,0.0257
2017T4,C,Manufactura,-2.1268,0.3439147064273469,-1.784625,0.3820330439190503,0.3553502076748579,S4,Decrecimiento,Media,#BA7517,M03,0.3553502076748579,0.3211,0.0343
2017T4,D + E,Electricidad y servicios públicos,3.8912,0.3939202321293396,2.88045,0.4462057061854093,0.4096058743461605,S3,Estabilidad,Moderada,#378ADD,M04,0.4096058743461605,0.3832,0.0264
2017T4,F,Construcción,-0.6755,0.3559740316934324,-2.0592,0.3782559966600489,0.3626586211834173,S4,Decrecimiento,Media,#BA7517,M05,0.3626586211834173,0.3325,0.0302
2017T4,G + H + I,"Comercio, transporte y turismo",0.58,0.3664063908690474,1.886725,0.4325360483962767,0.3862452881272162,S4,Decrecimiento,Media,#BA7517,M06,0.3862452881272162,0.3637,0.0225
2017T4,J,TIC y economía digital,3.1448,0.3877181509754734,-0.269025,0.4028816019660042,0.3922671862726326,S4,Decrecimiento,Media,#BA7517,M07,0.3922671862726326,0.3712,0.0211
2017T4,K,Financiero y seguros,7.2772,0.4220556109972271,5.382525,0.4806241911915668,0.4396261850555291,S3,Estabilidad,Moderada,#378ADD,M08,0.4396261850555291,0.425,0.0146
2017T4,L,Inmobiliario,3.1985,0.3881643617980385,3.0517000000000003,0.4485614171682153,0.4062834784090915,S3,Estabilidad,Moderada,#378ADD,M09,0.4062834784090915,0.3997,0.0066
2017T4,M + N,Servicios profesionales,1.6443,0.3752500068551942,1.4376250000000002,0.4263582393312945,0.3905824765980242,S4,Decrecimiento,Media,#BA7517,M10,0.3905824765980242,0.3761,0.0145
2017T4,O + P + Q,"Gobierno, educación y salud",3.8577,0.3936418696981305,3.4510750000000003,0.4540552102996499,0.4117658718785863,S3,Estabilidad,Moderada,#378ADD,M11,0.4117658718785863,0.3936,0.0182
2017T4,R + S + T,"Arte, recreación y otros servicios",1.9949,0.3781632566576399,2.116375,0.4356951084091317,0.3954228121830874,S4,Decrecimiento,Media,#BA7517,M12,0.3954228121830874,0.3763,0.0191
2018T1,A,Agropecuario,0.9171,0.3692074647663791,3.2189,0.4508614164460265,0.3937036502702733,S4,Decrecimiento,Media,#BA7517,M01,0.3937036502702733,0.3771,0.0166
2018T1,B,Minería y energía,-4.6635,0.3228364383900846,-4.868,0.3396182097490669,0.3278709697977793,S4,Decrecimiento,Media,#BA7517,M02,0.3278709697977793,0.3034,0.0245
2018T1,C,Manufactura,-2.2824,0.3426217752543277,-2.5147500000000003,0.3719894615463713,0.3514320811419407,S4,Decrecimiento,Media,#BA7517,M03,0.3514320811419407,0.3174,0.034
2018T1,D + E,Electricidad y servicios públicos,2.0456,0.3785845395012908,3.26465,0.4514907523728201,0.4004564033627496,S3,Estabilidad,Moderada,#378ADD,M04,0.4004564033627496,0.3733,0.0271
2018T1,F,Construcción,-1.056,0.3528123330344745,-1.2357750000000003,0.3895830116440903,0.3638435366173592,S4,Decrecimiento,Media,#BA7517,M05,0.3638435366173592,0.3342,0.0296
2018T1,G + H + I,"Comercio, transporte y turismo",3.8195,0.393324453433289,2.535725,0.4414636771719913,0.4077662205548997,S3,Estabilidad,Moderada,#378ADD,M06,0.4077662205548997,0.3864,0.0213
2018T1,J,TIC y economía digital,0.7591,0.3678945912102284,0.2648499999999999,0.4102255739423288,0.3805938860298585,S4,Decrecimiento,Media,#BA7517,M07,0.3805938860298585,0.3601,0.0205
2018T1,K,Financiero y seguros,3.6402,0.3918345912268471,5.697225,0.4849531970093132,0.4197701729615869,S3,Estabilidad,Moderada,#378ADD,M08,0.4197701729615869,0.4035,0.0162
2018T1,L,Inmobiliario,3.3091,0.389083373287344,3.06605,0.4487588154315921,0.4069860059306184,S3,Estabilidad,Moderada,#378ADD,M09,0.4069860059306184,0.4005,0.0065
2018T1,M + N,Servicios profesionales,3.3595,0.3895021633331034,2.20995,0.436982323914043,0.4037462115073852,S3,Estabilidad,Moderada,#378ADD,M10,0.4037462115073852,0.39,0.0138
2018T1,O + P + Q,"Gobierno, educación y salud",3.9933,0.3947686143450547,3.64745,0.456756540193072,0.4133649920994598,S3,Estabilidad,Moderada,#378ADD,M11,0.4133649920994598,0.3959,0.0175
2018T1,R + S + T,"Arte, recreación y otros servicios",-2.442,0.3412956067760894,0.7632249999999999,0.4170812087514147,0.3640312873686869,S4,Decrecimiento,Media,#BA7517,M12,0.3640312873686869,0.3442,0.0199
2018T2,A,Agropecuario,3.9095,0.3940722928007166,2.623375,0.4426693885158919,0.4086514215152692,S3,Estabilidad,Moderada,#378ADD,M01,0.4086514215152692,0.3951,0.0135
2018T2,B,Minería y energía,-3.1865,0.3351093133422021,-4.5041,0.3446240096126764,0.3379637222233443,S4,Decrecimiento,Media,#BA7517,M02,0.3379637222233443,0.3153,0.0227
2018T2,C,Manufactura,3.8106,0.3932505004291767,-0.4229750000000001,0.4007638693773735,0.3955045111136357,S4,Decrecimiento,Media,#BA7517,M03,0.3955045111136357,0.3673,0.0282
2018T2,D + E,Electricidad y servicios públicos,2.7382,0.3843395788999615,3.16435,0.4501110279256641,0.4040710136076723,S3,Estabilidad,Moderada,#378ADD,M04,0.4040710136076723,0.3779,0.0262
2018T2,F,Construcción,-6.5899,0.3068293521966119,-2.6071000000000004,0.3707190971127237,0.3259962756714454,S4,Decrecimiento,Media,#BA7517,M05,0.3259962756714454,0.2986,0.0274
2018T2,G + H + I,"Comercio, transporte y turismo",2.9715,0.3862781447268599,2.7075,0.443826610042482,0.4035426843215465,S3,Estabilidad,Moderada,#378ADD,M06,0.4035426843215465,0.3839,0.0196
2018T2,J,TIC y economía digital,2.7005,0.3840263172982724,0.926375,0.4193254963242311,0.39461607100606,S4,Decrecimiento,Media,#BA7517,M07,0.39461607100606,0.376,0.0187
2018T2,K,Financiero y seguros,4.2309,0.3967429102750636,4.9136,0.4741736698916408,0.4199721381600367,S3,Estabilidad,Moderada,#378ADD,M08,0.4199721381600367,0.4046,0.0154
2018T2,L,Inmobiliario,3.9243,0.3941952708300269,3.342925,0.4525675014366399,0.4117069400120107,S3,Estabilidad,Moderada,#378ADD,M09,0.4117069400120107,0.405,0.0067
2018T2,M + N,Servicios profesionales,4.299,0.3973087753964172,2.8481250000000005,0.4457610442436913,0.4118444560505994,S3,Estabilidad,Moderada,#378ADD,M10,0.4118444560505994,0.3992,0.0126
2018T2,O + P + Q,"Gobierno, educación y salud",5.3344,0.4059122518523566,4.087925,0.4628157039603801,0.4229832874847635,S3,Estabilidad,Moderada,#378ADD,M11,0.4229832874847635,0.4068,0.0162
2018T2,R + S + T,"Arte, recreación y otros servicios",2.2777,0.3805131341366236,0.8677249999999999,0.4185187083000468,0.3919148063856505,S4,Decrecimiento,Media,#BA7517,M12,0.3919148063856505,0.3746,0.0174
2018T3,A,Agropecuario,0.9437,0.3694284928460855,1.368325,0.4254049501569385,0.3862214300393414,S4,Decrecimiento,Media,#BA7517,M01,0.3862214300393414,0.3712,0.015
2018T3,B,Minería y energía,0.0774,0.3622301234682795,-2.863925,0.3671862184373417,0.3637169519589982,S4,Decrecimiento,Media,#BA7517,M02,0.3637169519589982,0.3418,0.0219
2018T3,C,Manufactura,1.9601,0.3778740921022346,0.3403749999999998,0.4112644940706583,0.3878912126927617,S4,Decrecimiento,Media,#BA7517,M03,0.3878912126927617,0.358,0.0299
2018T3,D + E,Electricidad y servicios públicos,2.983,0.3863737019793646,2.9145000000000003,0.4466740971866622,0.4044638205415538,S3,Estabilidad,Moderada,#378ADD,M04,0.4044638205415538,0.3793,0.0251
2018T3,F,Construcción,2.1549,0.3794927488664001,-1.5416250000000002,0.38537574621874,0.381257648072102,S4,Decrecimiento,Media,#BA7517,M05,0.381257648072102,0.3557,0.0255
2018T3,G + H + I,"Comercio, transporte y turismo",1.7643,0.3762471260117643,2.283825,0.4379985466810784,0.3947725522125585,S4,Decrecimiento,Media,#BA7517,M06,0.3947725522125585,0.375,0.0198
2018T3,J,TIC y economía digital,6.8892,0.4188315923909837,3.3734,0.4529867148217553,0.4290781291202152,S3,Estabilidad,Moderada,#378ADD,M07,0.4290781291202152,0.4125,0.0166
2018T3,K,Financiero y seguros,4.5075,0.3990412699309578,4.91395,0.4741784844834305,0.4215824342966995,S3,Estabilidad,Moderada,#378ADD,M08,0.4215824342966995,0.4065,0.0151
2018T3,L,Inmobiliario,4.4492,0.3985568362073908,3.720275,0.4577583191847383,0.416317281100595,S3,Estabilidad,Moderada,#378ADD,M09,0.416317281100595,0.4104,0.0059
2018T3,M + N,Servicios profesionales,4.1142,0.3957732118952991,3.3542500000000004,0.4527232878709772,0.4128582346880025,S3,Estabilidad,Moderada,#378ADD,M10,0.4128582346880025,0.4005,0.0123
2018T3,O + P + Q,"Gobierno, educación y salud",4.8538,0.4019187896302931,4.5098,0.4686190065640081,0.4219288547104076,S3,Estabilidad,Moderada,#378ADD,M11,0.4219288547104076,0.4062,0.0157
2018T3,R + S + T,"Arte, recreación y otros servicios",2.2732,0.3804757421682522,1.02595,0.4206952476883942,0.3925415938242948,S4,Decrecimiento,Media,#BA7517,M12,0.3925415938242948,0.3754,0.0172
2018T4,A,Agropecuario,0.7469,0.3677932174293104,1.6293,0.4289949161349696,0.3861537270410081,S4,Decrecimiento,Media,#BA7517,M01,0.3861537270410081,0.3717,0.0145
2018T4,B,Minería y energía,1.0094,0.3699744155843076,-1.6908,0.3833236984180971,0.3739792004344445,S4,Decrecimiento,Media,#BA7517,M02,0.3739792004344445,0.3532,0.0208
2018T4,C,Manufactura,2.3108,0.3807881728373108,1.4497749999999998,0.426525374446279,0.3945093333200012,S4,Decrecimiento,Media,#BA7517,M03,0.3945093333200012,0.3657,0.0288
2018T4,D + E,Electricidad y servicios públicos,2.4131,0.3816382169182869,2.544975,0.4415909199550042,0.3996240278293021,S4,Decrecimiento,Media,#BA7517,M04,0.3996240278293021,0.374,0.0256
2018T4,F,Construcción,0.443,0.3652680131652965,-1.2620000000000002,0.3892222611592781,0.372454287563491,S4,Decrecimiento,Media,#BA7517,M05,0.372454287563491,0.3472,0.0252
2018T4,G + H + I,"Comercio, transporte y turismo",2.2672,0.3804258862104237,2.705625,0.4438008175864658,0.3994383656232363,S4,Decrecimiento,Media,#BA7517,M06,0.3994383656232363,0.3799,0.0195
2018T4,J,TIC y economía digital,3.6642,0.3920340150581611,3.50325,0.4547729283757253,0.4108556890534304,S3,Estabilidad,Moderada,#378ADD,M07,0.4108556890534304,0.3934,0.0174
2018T4,K,Financiero y seguros,2.6139,0.3833067296402809,3.748125,0.4581414231314312,0.405757137687626,S3,Estabilidad,Moderada,#378ADD,M08,0.405757137687626,0.3897,0.0161
2018T4,L,Inmobiliario,4.1639,0.3961861854126453,3.961625,0.4610783241231339,0.4156538270257919,S3,Estabilidad,Moderada,#378ADD,M09,0.4156538270257919,0.4096,0.0061
2018T4,M + N,Servicios profesionales,4.0697,0.3954034468747377,3.9606,0.4610642242471784,0.4151016800864698,S3,Estabilidad,Moderada,#378ADD,M10,0.4151016800864698,0.4028,0.0123
2018T4,O + P + Q,"Gobierno, educación y salud",4.7327,0.4009125302147878,4.72855,0.471628126432556,0.4221272090801182,S3,Estabilidad,Moderada,#378ADD,M11,0.4221272090801182,0.4065,0.0156
2018T4,R + S + T,"Arte, recreación y otros servicios",6.6571,0.416902997755651,2.1915,0.4367285261468444,0.422850656273009,S3,Estabilidad,Moderada,#378ADD,M12,0.422850656273009,0.407,0.0159
2019T1,A,Agropecuario,1.4339,0.3735017246006745,1.7585000000000002,0.4307721883041873,0.3906828637117283,S4,Decrecimiento,Media,#BA7517,M01,0.3906828637117283,0.3767,0.014
2019T1,B,Minería y energía,4.7474,0.4010346773114676,0.6619249999999999,0.4156877283277169,0.4054305926163424,S3,Estabilidad,Moderada,#378ADD,M02,0.4054305926163424,0.3867,0.0188
2019T1,C,Manufactura,2.278,0.380515626934515,2.589875,0.442208563301737,0.3990235078446816,S4,Decrecimiento,Media,#BA7517,M03,0.3990235078446816,0.372,0.0271
2019T1,D + E,Electricidad y servicios públicos,3.1324,0.3876151153292944,2.816675,0.4453284187814476,0.4049291063649404,S3,Estabilidad,Moderada,#378ADD,M04,0.4049291063649404,0.381,0.024
2019T1,F,Construcción,0.2001,0.3632496778058725,-0.9479750000000003,0.3935419816928587,0.3723373689719683,S4,Decrecimiento,Media,#BA7517,M05,0.3723373689719683,0.3481,0.0242
2019T1,G + H + I,"Comercio, transporte y turismo",2.1822,0.3797195934745199,2.2963,0.438170152488439,0.3972547611786956,S4,Decrecimiento,Media,#BA7517,M06,0.3972547611786956,0.3783,0.0189
2019T1,J,TIC y economía digital,3.3232,0.3892005347882409,4.144275,0.463590853238518,0.411517630323324,S3,Estabilidad,Moderada,#378ADD,M07,0.411517630323324,0.3944,0.0171
2019T1,K,Financiero y seguros,6.735,0.417550294274791,4.521825,0.4687844221819249,0.4329205326469312,S3,Estabilidad,Moderada,#378ADD,M08,0.4329205326469312,0.42,0.0129
2019T1,L,Inmobiliario,4.3744,0.3979352985997954,4.22795,0.4647418845756643,0.417977274392556,S3,Estabilidad,Moderada,#378ADD,M09,0.417977274392556,0.4122,0.0057
2019T1,M + N,Servicios profesionales,3.9295,0.3942384793268116,4.1031,0.4630244509044039,0.4148742708000893,S3,Estabilidad,Moderada,#378ADD,M10,0.4148742708000893,0.403,0.0118
2019T1,O + P + Q,"Gobierno, educación y salud",4.7736,0.4012523816606521,4.923625,0.4743115735564737,0.4231701392293985,S3,Estabilidad,Moderada,#378ADD,M11,0.4231701392293985,0.4082,0.015
2019T1,R + S + T,"Arte, recreación y otros servicios",12.362,0.464306873391626,5.8925,0.4876393953285391,0.4713066299726999,S3,Estabilidad,Moderada,#378ADD,M12,0.4713066299726999,0.4578,0.0135
2019T2,A,Agropecuario,1.1645,0.3712631920941745,1.07225,0.4213321494022857,0.3862838792866078,S4,Decrecimiento,Media,#BA7517,M01,0.3862838792866078,0.3713,0.015
2019T2,B,Minería y energía,0.4945,0.3656959434699913,1.582175,0.4283466657404309,0.3844911601511231,S4,Decrecimiento,Media,#BA7517,M02,0.3844911601511231,0.3645,0.02
2019T2,C,Manufactura,-0.1399,0.3604245068622571,1.6022499999999995,0.4286228169695102,0.3808839998944331,S4,Decrecimiento,Media,#BA7517,M03,0.3808839998944331,0.3513,0.0295
2019T2,D + E,Electricidad y servicios públicos,2.6636,0.3837197031576271,2.798025,0.4450718698189405,0.4021253531560211,S3,Estabilidad,Moderada,#378ADD,M04,0.4021253531560211,0.3772,0.0249
2019T2,F,Construcción,-1.7237,0.3472641958607921,0.2685749999999997,0.4102768149549475,0.3661679815890387,S4,Decrecimiento,Media,#BA7517,M05,0.3661679815890387,0.34,0.0262
2019T2,G + H + I,"Comercio, transporte y turismo",3.3744,0.3896259722950442,2.397025,0.4395557232256252,0.4046048975742184,S3,Estabilidad,Moderada,#378ADD,M06,0.4046048975742184,0.3852,0.0194
2019T2,J,TIC y economía digital,2.7617,0.3845348480681231,4.159575,0.4638013196796097,0.4083147895515691,S3,Estabilidad,Moderada,#378ADD,M07,0.4083147895515691,0.391,0.0173
2019T2,K,Financiero y seguros,5.007,0.403191778420181,4.7158500000000005,0.4714534255304735,0.4236702725532687,S3,Estabilidad,Moderada,#378ADD,M08,0.4236702725532687,0.4102,0.0134
2019T2,L,Inmobiliario,3.7466,0.3927187035456726,4.183525,0.4641307753177889,0.4141423250773075,S3,Estabilidad,Moderada,#378ADD,M09,0.4141423250773075,0.4082,0.0059
2019T2,M + N,Servicios profesionales,4.0817,0.3955031587903947,4.048775,0.4622771574787634,0.4155353583969053,S3,Estabilidad,Moderada,#378ADD,M10,0.4155353583969053,0.4035,0.012
2019T2,O + P + Q,"Gobierno, educación y salud",5.5759,0.4079189541549539,4.984,0.4751420906401929,0.4280858951005256,S3,Estabilidad,Moderada,#378ADD,M11,0.4280858951005256,0.4132,0.0149
2019T2,R + S + T,"Arte, recreación y otros servicios",15.1901,0.4878064791140928,9.1206,0.5320450632035537,0.5010780543409311,S3,Estabilidad,Moderada,#378ADD,M12,0.5010780543409311,0.4882,0.0129
2019T3,A,Agropecuario,3.551,0.3910933993204633,1.724075,0.4302986388117313,0.4028549711678437,S3,Estabilidad,Moderada,#378ADD,M01,0.4028549711678437,0.3893,0.0135
2019T3,B,Minería y energía,0.3078,0.3641445922488942,1.6397749999999998,0.4291390099892463,0.3836429175709998,S4,Decrecimiento,Media,#BA7517,M02,0.3836429175709998,0.3647,0.0189
2019T3,C,Manufactura,1.3717,0.372984884504519,1.45515,0.4265993128201919,0.3890692129992208,S4,Decrecimiento,Media,#BA7517,M03,0.3890692129992208,0.3619,0.0271
2019T3,D + E,Electricidad y servicios públicos,2.4727,0.3821334527660501,2.67045,0.4433169511116033,0.4004885022697161,S3,Estabilidad,Moderada,#378ADD,M04,0.4004885022697161,0.3751,0.0254
2019T3,F,Construcción,-8.5553,0.2904982022772539,-2.4089750000000008,0.3734444999650942,0.315382091583606,S4,Decrecimiento,Media,#BA7517,M05,0.315382091583606,0.2884,0.027
2019T3,G + H + I,"Comercio, transporte y turismo",4.9949,0.4030912355718935,3.204675,0.4506657376797176,0.4173635862042407,S3,Estabilidad,Moderada,#378ADD,M06,0.4173635862042407,0.3987,0.0187
2019T3,J,TIC y economía digital,-1.2677,0.3510532486557587,2.12035,0.4357497884158858,0.3764622105837968,S4,Decrecimiento,Media,#BA7517,M07,0.3764622105837968,0.3573,0.0191
2019T3,K,Financiero y seguros,8.5147,0.4323384022993567,5.71765,0.4852341628301821,0.4482071304586044,S3,Estabilidad,Moderada,#378ADD,M08,0.4482071304586044,0.4368,0.0114
2019T3,L,Inmobiliario,2.8257,0.3850666449516272,3.77765,0.4585475683388318,0.4071109219677886,S3,Estabilidad,Moderada,#378ADD,M09,0.4071109219677886,0.4007,0.0064
2019T3,M + N,Servicios profesionales,3.6425,0.391853702677348,3.93085,0.4606549839450559,0.4124940870576603,S3,Estabilidad,Moderada,#378ADD,M10,0.4124940870576603,0.4004,0.0121
2019T3,O + P + Q,"Gobierno, educación y salud",5.3784,0.4062778622097656,5.11515,0.4769461869636674,0.427478359635936,S3,Estabilidad,Moderada,#378ADD,M11,0.427478359635936,0.4123,0.0152
2019T3,R + S + T,"Arte, recreación y otros servicios",13.2546,0.4717237780512469,11.86595,0.5698100334029501,0.5011496546567578,S3,Estabilidad,Moderada,#378ADD,M12,0.5011496546567578,0.4883,0.0128
2019T4,A,Agropecuario,4.5829,0.399667793134336,2.683075,0.4434906203154453,0.4128146412886688,S3,Estabilidad,Moderada,#378ADD,M01,0.4128146412886688,0.3994,0.0134
2019T4,B,Minería y energía,2.2329,0.3801408763181707,1.94565,0.4333466193140101,0.3961025992169225,S4,Decrecimiento,Media,#BA7517,M02,0.3961025992169225,0.3775,0.0186
2019T4,C,Manufactura,1.3446,0.3727597017616603,1.2135999999999998,0.4232765566864879,0.3879147582391086,S4,Decrecimiento,Media,#BA7517,M03,0.3879147582391086,0.3613,0.0267
2019T4,D + E,Electricidad y servicios públicos,1.8484,0.3769459403539939,2.529275,0.4413749511232959,0.3962746435847845,S4,Decrecimiento,Media,#BA7517,M04,0.3962746435847845,0.3703,0.026
2019T4,F,Construcción,-4.8591,0.3212111341648753,-3.7345,0.3552106091593482,0.3314109766632172,S4,Decrecimiento,Media,#BA7517,M05,0.3314109766632172,0.3048,0.0266
2019T4,G + H + I,"Comercio, transporte y turismo",4.2959,0.3972830164848724,3.71185,0.4576424250823725,0.4153908390641224,S3,Estabilidad,Moderada,#378ADD,M06,0.4153908390641224,0.3961,0.0193
2019T4,J,TIC y economía digital,-0.7148,0.3556474751696556,1.0255999999999996,0.4206904330966045,0.3751603625477403,S4,Decrecimiento,Media,#BA7517,M07,0.3751603625477403,0.355,0.0201
2019T4,K,Financiero y seguros,4.8835,0.4021655766215442,6.28505,0.493039303920075,0.4294276948111034,S3,Estabilidad,Moderada,#378ADD,M08,0.4294276948111034,0.4157,0.0137
2019T4,L,Inmobiliario,2.0965,0.3790074842102027,3.2608,0.4514377918631336,0.4007365765060819,S3,Estabilidad,Moderada,#378ADD,M09,0.4007365765060819,0.3941,0.0066
2019T4,M + N,Servicios profesionales,2.3114,0.3807931584330937,3.491275,0.4546082005566357,0.4029376710701563,S3,Estabilidad,Moderada,#378ADD,M10,0.4029376710701563,0.39,0.013
2019T4,O + P + Q,"Gobierno, educación y salud",4.6829,0.4004987257648112,5.1027000000000005,0.4767749250557203,0.4233815855520839,S3,Estabilidad,Moderada,#378ADD,M11,0.4233815855520839,0.4073,0.0161
2019T4,R + S + T,"Arte, recreación y otros servicios",11.5357,0.4574408770660101,13.0856,0.5865875101923189,0.4961848670039027,S3,Estabilidad,Moderada,#378ADD,M12,0.4961848670039027,0.4827,0.0135
2020T1,A,Agropecuario,5.626,0.408335251402822,3.731100000000001,0.4579072276308047,0.4232068442712168,S3,Estabilidad,Moderada,#378ADD,M01,0.4232068442712168,0.4087,0.0145
2020T1,B,Minería y energía,-3.1892,0.3350868781611793,-0.0385,0.4060526984583333,0.3563766242503255,S4,Decrecimiento,Media,#BA7517,M02,0.3563766242503255,0.3339,0.0224
2020T1,C,Manufactura,-1.2114,0.3515210637267162,0.3412499999999998,0.4112765305501324,0.3694477037737411,S4,Decrecimiento,Media,#BA7517,M03,0.3694477037737411,0.3397,0.0297
2020T1,D + E,Electricidad y servicios públicos,1.8656,0.3770888607664356,2.212575,0.4370184333524656,0.3950677325422446,S4,Decrecimiento,Media,#BA7517,M04,0.3950677325422446,0.3661,0.029
2020T1,F,Construcción,-18.4698,0.2081153866287983,-8.401975,0.2910049325492885,0.2329822504049453,S4,Decrecimiento,Media,#BA7517,M05,0.2329822504049453,0.1986,0.0343
2020T1,G + H + I,"Comercio, transporte y turismo",3.0636,0.3870434336795276,3.9322,0.4606735545133876,0.4091324699296855,S3,Estabilidad,Moderada,#378ADD,M06,0.4091324699296855,0.3872,0.0219
2020T1,J,TIC y economía digital,0.582,0.366423009521657,0.3402999999999997,0.4112634623724177,0.3798751453768851,S4,Decrecimiento,Media,#BA7517,M07,0.3798751453768851,0.3588,0.0211
2020T1,K,Financiero y seguros,2.3671,0.3812559879082683,5.193074999999999,0.4780181214356976,0.4102846279664971,S3,Estabilidad,Moderada,#378ADD,M08,0.4102846279664971,0.3935,0.0168
2020T1,L,Inmobiliario,1.9759,0.3780053794578497,2.661175,0.4431893644291769,0.3975605749492479,S4,Decrecimiento,Media,#BA7517,M09,0.3975605749492479,0.389,0.0085
2020T1,M + N,Servicios profesionales,1.2029,0.371582270224277,2.809625,0.4452314391468268,0.3936770209010419,S4,Decrecimiento,Media,#BA7517,M10,0.3936770209010419,0.3792,0.0144
2020T1,O + P + Q,"Gobierno, educación y salud",1.1327,0.3709989555176834,4.192475,0.4642538913078392,0.3989754362547302,S4,Decrecimiento,Media,#BA7517,M11,0.3989754362547302,0.3794,0.0196
2020T1,R + S + T,"Arte, recreación y otros servicios",3.7705,0.3929172964443561,10.937725,0.5570413920773142,0.4421545251342436,S3,Estabilidad,Moderada,#378ADD,M12,0.4421545251342436,0.4247,0.0175
2020T2,A,Agropecuario,-1.0537,0.3528314444849755,3.17655,0.4502788508394757,0.3820656663913255,S4,Decrecimiento,Media,#BA7517,M01,0.3820656663913255,0.347,0.0351
2020T2,B,Minería y energía,-20.8863,0.188035899613367,-5.383699999999999,0.332524252646392,0.2313824055232745,S4,Decrecimiento,Media,#BA7517,M02,0.2313824055232745,0.1756,0.0558
2020T2,C,Manufactura,-27.4154,0.133783477237016,-6.477625000000001,0.3174762460077577,0.1888913078682385,S5,Contracción,Alta,#E24B4A,M03,0.1888913078682385,0.1201,0.0688
2020T2,D + E,Electricidad y servicios públicos,-9.4342,0.2831951353880081,-0.8118750000000001,0.3954141701002158,0.3168608458016704,S4,Decrecimiento,Media,#BA7517,M04,0.3168608458016704,0.2607,0.0562
2020T2,F,Construcción,-43.5158,0.0,-18.85,0.1472821457397569,0.044184643721927,S5,Contracción,Alta,#E24B4A,M05,0.044184643721927,0.0,0.0442
2020T2,G + H + I,"Comercio, transporte y turismo",-32.5108,0.0914441359837868,-5.039100000000001,0.3372645621627422,0.1651902638374734,S5,Contracción,Alta,#E24B4A,M06,0.1651902638374734,0.1127,0.0525
2020T2,J,TIC y economía digital,-5.9122,0.3124605826333418,-1.8281750000000003,0.381433971140649,0.3331525991855339,S4,Decrecimiento,Media,#BA7517,M07,0.3331525991855339,0.2928,0.0403
2020T2,K,Financiero y seguros,1.2198,0.3717226978388273,4.246275,0.4649939628457952,0.3997040773409177,S4,Decrecimiento,Media,#BA7517,M08,0.3997040773409177,0.3715,0.0282
2020T2,L,Inmobiliario,0.6635,0.3671002196154942,1.8904,0.4325866016100683,0.3867461342138664,S4,Decrecimiento,Media,#BA7517,M09,0.3867461342138664,0.3711,0.0156
2020T2,M + N,Servicios profesionales,-12.4621,0.258035326269852,-1.326325,0.3883374079682182,0.2971259507793619,S4,Decrecimiento,Media,#BA7517,M10,0.2971259507793619,0.268,0.0291
2020T2,O + P + Q,"Gobierno, educación y salud",-2.4691,0.3410704240332307,2.1812249999999995,0.436587183487876,0.3697254518696242,S4,Decrecimiento,Media,#BA7517,M11,0.3697254518696242,0.3332,0.0365
2020T2,R + S + T,"Arte, recreación y otros servicios",-33.9435,0.0795393641869698,-1.345675,0.3880712298221318,0.1720989238775184,S5,Contracción,Alta,#E24B4A,M12,0.1720989238775184,0.1266,0.0455
2020T3,A,Agropecuario,0.7427,0.3677583182588305,2.474475,0.4406211236087979,0.3896171598638207,S4,Decrecimiento,Media,#BA7517,M01,0.3896171598638207,0.3627,0.0269
2020T3,B,Minería y energía,-18.1896,0.2104436598593896,-10.00805,0.2689118025247032,0.2279841026589836,S4,Decrecimiento,Media,#BA7517,M02,0.2279841026589836,0.1791,0.0489
2020T3,C,Manufactura,-7.7092,0.2975287232637039,-8.747850000000001,0.2862470841628474,0.294144231533447,S4,Decrecimiento,Media,#BA7517,M03,0.294144231533447,0.2395,0.0546
2020T3,D + E,Electricidad y servicios públicos,-5.6857,0.314342645041368,-2.851475,0.3673574803452888,0.3302470956325442,S4,Decrecimiento,Media,#BA7517,M04,0.3302470956325442,0.2795,0.0507
2020T3,F,Construcción,-30.0986,0.1114878928961076,-24.235825,0.0731948633807995,0.0999999840415152,S5,Contracción,Alta,#E24B4A,M05,0.0999999840415152,0.0393,0.0607
2020T3,G + H + I,"Comercio, transporte y turismo",-20.1147,0.194447375790113,-11.3165,0.2509127950184107,0.2113870015586023,S4,Decrecimiento,Media,#BA7517,M06,0.2113870015586023,0.1678,0.0436
2020T3,J,TIC y economía digital,-2.1331,0.343862357671627,-2.0445250000000006,0.3784578656158018,0.3542410100548794,S4,Decrecimiento,Media,#BA7517,M07,0.3542410100548794,0.3187,0.0356
2020T3,K,Financiero y seguros,2.1149,0.3791603758142101,2.646325,0.4429850881775291,0.3983077895232058,S4,Decrecimiento,Media,#BA7517,M08,0.3983077895232058,0.3727,0.0256
2020T3,L,Inmobiliario,1.359,0.3728793560604487,1.5237249999999998,0.427542628911555,0.3892783379157806,S4,Decrecimiento,Media,#BA7517,M09,0.3892783379157806,0.3755,0.0137
2020T3,M + N,Servicios profesionales,-8.1898,0.2935352610416405,-4.2844,0.3476461976589392,0.3097685420268301,S4,Decrecimiento,Media,#BA7517,M10,0.3097685420268301,0.2842,0.0256
2020T3,O + P + Q,"Gobierno, educación y salud",-1.8137,0.3465163564933646,0.3831999999999999,0.4118535937660666,0.3661175276751751,S4,Decrecimiento,Media,#BA7517,M11,0.3661175276751751,0.3334,0.0327
2020T3,R + S + T,"Arte, recreación y otros servicios",-11.1004,0.2693501358990317,-7.434425000000001,0.304314527652436,0.279839453425053,S4,Decrecimiento,Media,#BA7517,M12,0.279839453425053,0.2441,0.0357
2020T4,A,Agropecuario,2.6668,0.3837462930018023,1.99545,0.4340316669457983,0.398831905185001,S4,Decrecimiento,Media,#BA7517,M01,0.398831905185001,0.3768,0.022
2020T4,B,Minería y energía,-18.2916,0.2095961085763049,-15.139174999999998,0.1983281673909762,0.2062157262207063,S4,Decrecimiento,Media,#BA7517,M02,0.2062157262207063,0.1633,0.043
2020T4,C,Manufactura,-1.0775,0.3526336825189224,-9.353375000000002,0.2779174964672933,0.3302188267034336,S4,Decrecimiento,Media,#BA7517,M03,0.3302188267034336,0.2835,0.0467
2020T4,D + E,Electricidad y servicios públicos,-2.004,0.3449350916975705,-3.814575,0.3541090993377529,0.3476872939896251,S4,Decrecimiento,Media,#BA7517,M04,0.3476872939896251,0.3019,0.0457
2020T4,F,Construcción,-26.1429,0.1443570949598119,-29.556775,0.0,0.1010499664718683,S5,Contracción,Alta,#E24B4A,M05,0.1010499664718683,0.0478,0.0532
2020T4,G + H + I,"Comercio, transporte y turismo",-5.1624,0.3186909154966443,-13.681075,0.218385756786769,0.2885993678836817,S4,Decrecimiento,Media,#BA7517,M06,0.2885993678836817,0.2526,0.036
2020T4,J,TIC y economía digital,-3.3899,0.3334191963718158,-2.7133000000000003,0.3692582124039704,0.3441709011814621,S4,Decrecimiento,Media,#BA7517,M07,0.3441709011814621,0.312,0.0322
2020T4,K,Financiero y seguros,3.2187,0.3883322101893944,2.230125,0.4372598507407766,0.403010502354809,S3,Estabilidad,Moderada,#378ADD,M08,0.403010502354809,0.3796,0.0234
2020T4,L,Inmobiliario,1.7751,0.3763368667358556,1.443375,0.4264373361964106,0.3913670075740221,S4,Decrecimiento,Media,#BA7517,M09,0.3913670075740221,0.3787,0.0127
2020T4,M + N,Servicios profesionales,-3.5819,0.3318238057213035,-5.757725,0.3273791735202954,0.3304904160610011,S4,Decrecimiento,Media,#BA7517,M10,0.3304904160610011,0.3081,0.0224
2020T4,O + P + Q,"Gobierno, educación y salud",4.0742,0.3954408388431091,0.231025,0.4097602780357979,0.3997366706009157,S4,Decrecimiento,Media,#BA7517,M11,0.3997366706009157,0.3718,0.028
2020T4,R + S + T,"Arte, recreación y otros servicios",-5.71,0.3141407284121625,-11.74585,0.2450066664901316,0.2934005098355532,S4,Decrecimiento,Media,#BA7517,M12,0.2934005098355532,0.262,0.0314
2021T1,A,Agropecuario,4.0286,0.3950619335636124,1.5961,0.4285382177137773,0.4051048188086619,S3,Estabilidad,Moderada,#378ADD,M01,0.4051048188086619,0.3865,0.0186
2021T1,B,Minería y energía,-14.0414,0.2449124072367584,-17.852224999999997,0.1610075152338843,0.2197409396358962,S4,Decrecimiento,Media,#BA7517,M02,0.2197409396358962,0.1808,0.0389
2021T1,C,Manufactura,4.8583,0.4019561815986645,-7.835950000000001,0.2987911591714363,0.371006674870496,S4,Decrecimiento,Media,#BA7517,M03,0.371006674870496,0.3307,0.0403
2021T1,D + E,Electricidad y servicios públicos,-1.3723,0.3501840931242817,-4.62405,0.3429739802264716,0.3480210592549386,S4,Decrecimiento,Media,#BA7517,M04,0.3480210592549386,0.3061,0.042
2021T1,F,Construcción,-7.0506,0.303001245568013,-26.701975,0.0392705618319109,0.2238820404471824,S4,Decrecimiento,Media,#BA7517,M05,0.2238820404471824,0.1821,0.0418
2021T1,G + H + I,"Comercio, transporte y turismo",-1.5194,0.3489617912248529,-14.826825,0.202624846663849,0.3050607078565517,S4,Decrecimiento,Media,#BA7517,M06,0.3050607078565517,0.2744,0.0307
2021T1,J,TIC y economía digital,3.363,0.3895312459751701,-2.018050000000001,0.3788220550947495,0.3863184887110438,S4,Decrecimiento,Media,#BA7517,M07,0.3863184887110438,0.3599,0.0264
2021T1,K,Financiero y seguros,5.0303,0.4033853857230817,2.895925,0.4464185799223957,0.4162953439828758,S3,Estabilidad,Moderada,#378ADD,M08,0.4162953439828758,0.3969,0.0194
2021T1,L,Inmobiliario,1.9144,0.3774943558901075,1.428,0.4262258380570784,0.3921138005401987,S4,Decrecimiento,Media,#BA7517,M09,0.3921138005401987,0.3822,0.0099
2021T1,M + N,Servicios profesionales,1.0807,0.3705668705498364,-5.788275,0.3269589284369394,0.3574844879159673,S4,Decrecimiento,Media,#BA7517,M10,0.3574844879159673,0.3386,0.0189
2021T1,O + P + Q,"Gobierno, educación y salud",6.8389,0.4184136332778547,1.657575,0.4293838663716927,0.4217047032060061,S3,Estabilidad,Moderada,#378ADD,M11,0.4217047032060061,0.399,0.0227
2021T1,R + S + T,"Arte, recreación y otros servicios",9.4582,0.4401782516678895,-10.323925,0.2645666334345201,0.3874947661978786,S4,Decrecimiento,Media,#BA7517,M12,0.3874947661978786,0.3636,0.0239
2021T2,A,Agropecuario,6.4681,0.415332535084053,3.47655,0.4544056438020557,0.4270544676994537,S3,Estabilidad,Moderada,#378ADD,M01,0.4270544676994537,0.4237,0.0034
2021T2,B,Minería y energía,5.2175,0.4049408916073311,-11.326275,0.2507783303477133,0.3586921232294457,S4,Decrecimiento,Media,#BA7517,M02,0.3586921232294457,0.3487,0.01
2021T2,C,Manufactura,31.0462,0.6195599879348582,6.77945,0.4998402587224068,0.5836440691711228,S3,Estabilidad,Moderada,#378ADD,M03,0.5836440691711228,0.5737,0.0099
2021T2,D + E,Electricidad y servicios públicos,9.4657,0.4402405716151751,0.1009250000000001,0.4079706254876924,0.4305595877769302,S3,Estabilidad,Moderada,#378ADD,M04,0.4305595877769302,0.4155,0.0151
2021T2,F,Construcción,23.833,0.5596231554334269,-9.864775000000002,0.2708826900637486,0.4730010158225234,S3,Estabilidad,Moderada,#378ADD,M05,0.4730010158225234,0.4683,0.0047
2021T2,G + H + I,"Comercio, transporte y turismo",39.9034,0.6931573528813003,3.276724999999999,0.4516568557895639,0.6207072037537793,S2,Crecimiento,Moderada,#1D9E75,M06,0.6207072037537793,0.6154,0.0053
2021T2,J,TIC y economía digital,11.7779,0.4594533958970209,2.404475,0.4396582052508626,0.4535148387031734,S3,Estabilidad,Moderada,#378ADD,M07,0.4535148387031734,0.446,0.0075
2021T2,K,Financiero y seguros,3.318,0.3891573262914562,3.420475,0.4536342774174668,0.4085004116292594,S3,Estabilidad,Moderada,#378ADD,M08,0.4085004116292594,0.3967,0.0118
2021T2,L,Inmobiliario,3.2265,0.3883970229345715,2.06875,0.4350399800263221,0.4023899100620967,S3,Estabilidad,Moderada,#378ADD,M09,0.4023899100620967,0.3998,0.0026
2021T2,M + N,Servicios profesionales,14.2711,0.4801702082400265,0.895025,0.4188942464596416,0.461787419705911,S3,Estabilidad,Moderada,#378ADD,M10,0.461787419705911,0.4563,0.0055
2021T2,O + P + Q,"Gobierno, educación y salud",10.2653,0.4468847089284541,4.841175,0.4731773932905913,0.4547725142370953,S3,Estabilidad,Moderada,#378ADD,M11,0.4547725142370953,0.448,0.0068
2021T2,R + S + T,"Arte, recreación y otros servicios",76.8309,1.0,17.369675,0.6455191453962015,0.8936557436188604,S1,Aceleración,Baja,#639922,M12,0.8936557436188604,0.8891,0.0046
2021T3,A,Agropecuario,3.1744,0.3879641070340939,4.084475,0.4627682458413104,0.4104053486762588,S3,Estabilidad,Moderada,#378ADD,M01,0.4104053486762588,0.4065,0.0039
2021T3,B,Minería y energía,2.4005,0.381533519406847,-6.178749999999999,0.321587563496728,0.3635497326338113,S4,Decrecimiento,Media,#BA7517,M02,0.3635497326338113,0.354,0.0096
2021T3,C,Manufactura,14.9211,0.4855712703381147,12.437024999999998,0.5776657277066346,0.5131996075486707,S3,Estabilidad,Moderada,#378ADD,M03,0.5131996075486707,0.5026,0.0106
2021T3,D + E,Electricidad y servicios públicos,8.6314,0.4333081006791212,3.6802,0.4572070484248203,0.4404777850028309,S3,Estabilidad,Moderada,#378ADD,M04,0.4404777850028309,0.4259,0.0146
2021T3,F,Construcción,-0.2535,0.3594805673940374,-2.4035000000000006,0.3735198139366613,0.3636923413568245,S4,Decrecimiento,Media,#BA7517,M05,0.3636923413568245,0.3535,0.0102
2021T3,G + H + I,"Comercio, transporte y turismo",31.0453,0.6195525095411839,16.066724999999998,0.6275957957608895,0.6219654954070956,S2,Crecimiento,Moderada,#1D9E75,M06,0.6219654954070956,0.6161,0.0059
2021T3,J,TIC y economía digital,14.2392,0.4799051407309049,6.49755,0.4959624489352359,0.4847223331922042,S3,Estabilidad,Moderada,#378ADD,M07,0.4847223331922042,0.4803,0.0045
2021T3,K,Financiero y seguros,2.2446,0.3802380954359363,3.4529,0.454080314956839,0.4023907612922071,S3,Estabilidad,Moderada,#378ADD,M08,0.4023907612922071,0.3906,0.0118
2021T3,L,Inmobiliario,2.5526,0.3827973679377996,2.36715,0.439144763426435,0.3997015865843902,S4,Decrecimiento,Media,#BA7517,M09,0.3997015865843902,0.3957,0.004
2021T3,M + N,Servicios profesionales,12.9731,0.4693847026964595,6.1857500000000005,0.4916733354494611,0.4760712925223599,S3,Estabilidad,Moderada,#378ADD,M10,0.4760712925223599,0.4713,0.0047
2021T3,O + P + Q,"Gobierno, educación y salud",10.5386,0.4491556478075427,7.92925,0.5156568805503217,0.4691060176303764,S3,Estabilidad,Moderada,#378ADD,M11,0.4691060176303764,0.463,0.0061
2021T3,R + S + T,"Arte, recreación y otros servicios",33.8144,0.6425618650116703,28.598375000000004,0.7999808791926069,0.6897875692659512,S2,Crecimiento,Moderada,#1D9E75,M12,0.6897875692659512,0.6849,0.0049
2021T4,A,Agropecuario,4.0443,0.395192389986597,4.428850000000001,0.4675054602629386,0.4168863110694995,S3,Estabilidad,Moderada,#378ADD,M01,0.4168863110694995,0.4124,0.0045
2021T4,B,Minería y energía,7.703,0.4255937221377902,0.3199000000000003,0.4109828404509622,0.4212104576317418,S3,Estabilidad,Moderada,#378ADD,M02,0.4212104576317418,0.4147,0.0065
2021T4,C,Manufactura,8.2742,0.4303400093230641,14.77495,0.6098261691634339,0.484185857275175,S3,Estabilidad,Moderada,#378ADD,M03,0.484185857275175,0.4741,0.0101
2021T4,D + E,Electricidad y servicios públicos,7.0541,0.4202018002986372,5.944725,0.4883578012034416,0.4406486005700785,S3,Estabilidad,Moderada,#378ADD,M04,0.4406486005700785,0.4281,0.0126
2021T4,F,Construcción,5.8129,0.40988826448918,5.58545,0.4834156227313386,0.4319464719618275,S3,Estabilidad,Moderada,#378ADD,M05,0.4319464719618275,0.4246,0.0073
2021T4,G + H + I,"Comercio, transporte y turismo",19.9832,0.5276339110253958,22.353125,0.7140713666940984,0.5835651477260066,S3,Estabilidad,Moderada,#378ADD,M06,0.5835651477260066,0.578,0.0055
2021T4,J,TIC y economía digital,20.6767,0.5333964288177407,12.5142,0.5787273451962583,0.546995703731296,S3,Estabilidad,Moderada,#378ADD,M07,0.546995703731296,0.5437,0.0033
2021T4,K,Financiero y seguros,4.2471,0.3968775213612006,3.71,0.45761697652577,0.4150993579105714,S3,Estabilidad,Moderada,#378ADD,M08,0.4150993579105714,0.4047,0.0104
2021T4,L,Inmobiliario,2.2987,0.3806876299890233,2.49805,0.440945420755774,0.3987649672190485,S4,Decrecimiento,Media,#BA7517,M09,0.3987649672190485,0.3959,0.0029
2021T4,M + N,Servicios profesionales,10.9518,0.4525890614366659,9.819175,0.5416546445163348,0.4793087363605665,S3,Estabilidad,Moderada,#378ADD,M10,0.4793087363605665,0.475,0.0043
2021T4,O + P + Q,"Gobierno, educación y salud",6.4762,0.4153998406271214,8.52975,0.5239173444637526,0.4479550917781107,S3,Estabilidad,Moderada,#378ADD,M11,0.4479550917781107,0.4416,0.0064
2021T4,R + S + T,"Arte, recreación y otros servicios",31.5369,0.6236373743525996,37.9101,0.9280727498575396,0.7149679870040816,S2,Crecimiento,Moderada,#1D9E75,M12,0.7149679870040816,0.7104,0.0046
2022T1,A,Agropecuario,-1.4591,0.3494628436010293,3.056925,0.4486332921456469,0.3792139781644146,S4,Decrecimiento,Media,#BA7517,M01,0.3792139781644146,0.3733,0.0059
2022T1,B,Minería y energía,2.1374,0.379347335656067,4.3646,0.4666216387701195,0.4055296265902827,S3,Estabilidad,Moderada,#378ADD,M02,0.4055296265902827,0.3979,0.0076
2022T1,C,Manufactura,8.1153,0.4290196573732391,15.5892,0.6210269730627029,0.4866218520800782,S3,Estabilidad,Moderada,#378ADD,M03,0.4866218520800782,0.4739,0.0127
2022T1,D + E,Electricidad y servicios públicos,5.8674,0.4103411227727889,7.75465,0.5132550870461001,0.4412153120547822,S3,Estabilidad,Moderada,#378ADD,M04,0.4412153120547822,0.428,0.0132
2022T1,F,Construcción,5.0697,0.4037127731794889,8.615525,0.5250972633516369,0.4401281202311332,S3,Estabilidad,Moderada,#378ADD,M05,0.4401281202311332,0.4324,0.0077
2022T1,G + H + I,"Comercio, transporte y turismo",15.0427,0.4865816844167725,26.49365,0.7710283314653865,0.5719156785313567,S3,Estabilidad,Moderada,#378ADD,M06,0.5719156785313567,0.5656,0.0063
2022T1,J,TIC y economía digital,20.8404,0.5347566655338285,16.88355,0.6388320212997541,0.5659792722636061,S3,Estabilidad,Moderada,#378ADD,M07,0.5659792722636061,0.562,0.0039
2022T1,K,Financiero y seguros,-3.1372,0.3355189631290264,1.668125,0.4295289919242101,0.3637219717675815,S4,Decrecimiento,Media,#BA7517,M08,0.3637219717675815,0.3483,0.0154
2022T1,L,Inmobiliario,2.2835,0.3805613282291912,2.590325,0.4422147534911809,0.3990573558077881,S4,Decrecimiento,Media,#BA7517,M09,0.3990573558077881,0.3956,0.0034
2022T1,M + N,Servicios profesionales,8.6058,0.4330953819257196,11.70045,0.5675334192852602,0.4734267931335817,S3,Estabilidad,Moderada,#378ADD,M10,0.4734267931335817,0.4683,0.0051
2022T1,O + P + Q,"Gobierno, educación y salud",3.4448,0.3902109488668987,7.681225,0.5122450544685087,0.4268211805473816,S3,Estabilidad,Moderada,#378ADD,M11,0.4268211805473816,0.4186,0.0082
2022T1,R + S + T,"Arte, recreación y otros servicios",30.3734,0.6139694731970217,43.1389,1.0,0.7297786312379151,S2,Crecimiento,Moderada,#1D9E75,M12,0.7297786312379151,0.7247,0.0051
2022T2,A,Agropecuario,2.1101,0.3791204910479473,1.967425,0.4336461557032107,0.3954781904445263,S4,Decrecimiento,Media,#BA7517,M01,0.3954781904445263,0.3914,0.0041
2022T2,B,Minería y energía,3.2754,0.3888033489908738,3.879075,0.4599427682595973,0.4101451747714908,S3,Estabilidad,Moderada,#378ADD,M02,0.4101451747714908,0.404,0.0061
2022T2,C,Manufactura,17.8757,0.5101220058381326,12.296575,0.57573370080132,0.5298055143270888,S3,Estabilidad,Moderada,#378ADD,M03,0.5298055143270888,0.5203,0.0095
2022T2,D + E,Electricidad y servicios públicos,7.5527,0.4243448303941861,7.276400000000001,0.5066762912649206,0.4490442686554065,S3,Estabilidad,Moderada,#378ADD,M04,0.4490442686554065,0.4386,0.0105
2022T2,F,Construcción,9.4258,0.4399090294956156,5.013725,0.4755509870429019,0.4506016167598015,S3,Estabilidad,Moderada,#378ADD,M05,0.4506016167598015,0.4462,0.0044
2022T2,G + H + I,"Comercio, transporte y turismo",23.1634,0.5540592305397655,22.30865,0.713459569637396,0.6018793322690545,S2,Crecimiento,Moderada,#1D9E75,M06,0.6018793322690545,0.598,0.0038
2022T2,J,TIC y economía digital,16.6571,0.4999962608031628,18.10335,0.6556115614856043,0.5466808510078952,S3,Estabilidad,Moderada,#378ADD,M07,0.5466808510078952,0.5451,0.0016
2022T2,K,Financiero y seguros,11.3879,0.4562127586381679,3.6856,0.4572813306981468,0.4565333302561616,S3,Estabilidad,Moderada,#378ADD,M08,0.4565333302561616,0.4507,0.0058
2022T2,L,Inmobiliario,2.0709,0.3787947654568011,2.301425,0.4382406518682165,0.3966285313802257,S4,Decrecimiento,Media,#BA7517,M09,0.3966285313802257,0.3948,0.0018
2022T2,M + N,Servicios profesionales,12.9945,0.4695625222793811,11.3813,0.5631431993719022,0.4976367254071374,S3,Estabilidad,Moderada,#378ADD,M10,0.4976367254071374,0.495,0.0026
2022T2,O + P + Q,"Gobierno, educación y salud",5.6213,0.4082961975691896,6.520225,0.4962743657033241,0.43468964800943,S3,Estabilidad,Moderada,#378ADD,M11,0.43468964800943,0.4296,0.0051
2022T2,R + S + T,"Arte, recreación y otros servicios",23.8129,0.5594561379747014,29.8844,0.8176714089249465,0.6369207192597749,S2,Crecimiento,Moderada,#1D9E75,M12,0.6369207192597749,0.6337,0.0032
2022T3,A,Agropecuario,-0.8169,0.3547990929539406,0.9696,0.4199200984102562,0.3743353945908352,S4,Decrecimiento,Media,#BA7517,M01,0.3743353945908352,0.3662,0.0081
2022T3,B,Minería y energía,7.0799,0.4204161809172997,5.0489250000000006,0.4760351974171778,0.4371018858672632,S3,Estabilidad,Moderada,#378ADD,M02,0.4371018858672632,0.4302,0.0069
2022T3,C,Manufactura,5.598,0.408102590266289,9.965799999999998,0.5436716145767958,0.448773297559441,S3,Estabilidad,Moderada,#378ADD,M03,0.448773297559441,0.4327,0.0161
2022T3,D + E,Electricidad y servicios públicos,3.1278,0.3875768924282926,5.900500000000001,0.4877494431408747,0.4176286576420672,S3,Estabilidad,Moderada,#378ADD,M04,0.4176286576420672,0.4021,0.0155
2022T3,F,Construcción,14.3,0.4804103477702338,8.6521,0.5256003881936582,0.493967359897261,S3,Estabilidad,Moderada,#378ADD,M05,0.493967359897261,0.4869,0.007
2022T3,G + H + I,"Comercio, transporte y turismo",11.3856,0.4561936471876669,17.393725,0.645849976632035,0.5130905460209774,S3,Estabilidad,Moderada,#378ADD,M06,0.5130905460209774,0.5061,0.007
2022T3,J,TIC y economía digital,12.6797,0.4669467463586454,17.713475000000003,0.6502484501313182,0.5219372574904473,S3,Estabilidad,Moderada,#378ADD,M07,0.5219372574904473,0.5169,0.005
2022T3,K,Financiero y seguros,9.5113,0.4406194768946718,5.502275,0.4822714693824633,0.4531150746410092,S3,Estabilidad,Moderada,#378ADD,M08,0.4531150746410092,0.4452,0.0079
2022T3,L,Inmobiliario,2.0703,0.3787897798610182,2.18085,0.4365820249966728,0.3961274534017146,S4,Decrecimiento,Media,#BA7517,M09,0.3961274534017146,0.3939,0.0022
2022T3,M + N,Servicios profesionales,7.2115,0.421509688259005,9.9409,0.5433290907609016,0.458055509009574,S3,Estabilidad,Moderada,#378ADD,M10,0.458055509009574,0.4523,0.0057
2022T3,O + P + Q,"Gobierno, educación y salud",-1.0937,0.3524990714327854,3.61215,0.4562709542211418,0.3836306362692924,S4,Decrecimiento,Media,#BA7517,M11,0.3836306362692924,0.3732,0.0105
2022T3,R + S + T,"Arte, recreación y otros servicios",25.5439,0.5738395818082257,27.816775,0.7892292079274318,0.6384564696439875,S2,Crecimiento,Moderada,#1D9E75,M12,0.6384564696439875,0.6326,0.0058
2022T4,A,Agropecuario,-3.2828,0.3343091252190546,-0.862175,0.3947222444801565,0.3524330609973851,S4,Decrecimiento,Media,#BA7517,M01,0.3524330609973851,0.3401,0.0124
2022T4,B,Minería y energía,-5.6533,0.3146118672136419,1.7098500000000003,0.4301029600454223,0.349259195063176,S4,Decrecimiento,Media,#BA7517,M02,0.349259195063176,0.3313,0.018
2022T4,C,Manufactura,2.6828,0.3838792422226783,8.56795,0.5244428227676543,0.4260483163861711,S3,Estabilidad,Moderada,#378ADD,M03,0.4260483163861711,0.4003,0.0258
2022T4,D + E,Electricidad y servicios públicos,2.2168,0.3800070961646642,4.691175,0.4711139968093013,0.4073391663580553,S3,Estabilidad,Moderada,#378ADD,M04,0.4073391663580553,0.3847,0.0226
2022T4,F,Construcción,-0.9664,0.3535568486713802,6.957275,0.5022864152509762,0.398175718645259,S4,Decrecimiento,Media,#BA7517,M05,0.398175718645259,0.3796,0.0186
2022T4,G + H + I,"Comercio, transporte y turismo",1.5418,0.3743983009089572,12.783375,0.5824301101819331,0.4368078436908499,S3,Estabilidad,Moderada,#378ADD,M06,0.4368078436908499,0.4222,0.0146
2022T4,J,TIC y economía digital,1.9452,0.3777502831402938,13.0306,0.5858309314825126,0.4401744776429594,S3,Estabilidad,Moderada,#378ADD,M07,0.4401744776429594,0.4272,0.013
2022T4,K,Financiero y seguros,8.8039,0.4347414594666908,6.641475,0.4979422778590336,0.4537017049843936,S3,Estabilidad,Moderada,#378ADD,M08,0.4537017049843936,0.4438,0.0099
2022T4,L,Inmobiliario,1.7596,0.376208072178132,2.046075,0.4347280632582338,0.3937640695021625,S4,Decrecimiento,Media,#BA7517,M09,0.3937640695021625,0.3891,0.0047
2022T4,M + N,Servicios profesionales,3.5414,0.3910136297879377,8.0883,0.5178447686193162,0.4290629714373511,S3,Estabilidad,Moderada,#378ADD,M10,0.4290629714373511,0.4192,0.0099
2022T4,O + P + Q,"Gobierno, educación y salud",-2.7822,0.338468773967213,1.29755,0.4244313709171832,0.3642575530522041,S4,Decrecimiento,Media,#BA7517,M11,0.3642575530522041,0.3487,0.0155
2022T4,R + S + T,"Arte, recreación y otros servicios",32.279,0.6298037254033556,28.0023,0.7917812854753741,0.6783969934249611,S2,Crecimiento,Moderada,#1D9E75,M12,0.6783969934249611,0.6683,0.0101
2023T1,A,Agropecuario,0.8388,0.3685568445167171,-0.2877,0.4026247091040836,0.378777203892927,S4,Decrecimiento,Media,#BA7517,M01,0.378777203892927,0.3664,0.0124
2023T1,B,Minería y energía,3.2733,0.3887858994056338,1.9938250000000004,0.4340093134839178,0.402352923629119,S3,Estabilidad,Moderada,#378ADD,M02,0.402352923629119,0.3852,0.0172
2023T1,C,Manufactura,3.0085,0.3865855898001357,7.29125,0.5068805675165683,0.4226740831150655,S3,Estabilidad,Moderada,#378ADD,M03,0.4226740831150655,0.3982,0.0245
2023T1,D + E,Electricidad y servicios públicos,2.3799,0.3813623472849691,3.8193000000000006,0.4591205047618032,0.4046897945280193,S3,Estabilidad,Moderada,#378ADD,M04,0.4046897945280193,0.3819,0.0228
2023T1,F,Construcción,-1.8179,0.3464814573228846,5.235375,0.4785999992434213,0.3861170198990456,S4,Decrecimiento,Media,#BA7517,M05,0.3861170198990456,0.3662,0.0199
2023T1,G + H + I,"Comercio, transporte y turismo",-0.8956,0.3541451489737566,8.7988,0.5276183899523597,0.4061871212673375,S3,Estabilidad,Moderada,#378ADD,M06,0.4061871212673375,0.3896,0.0165
2023T1,J,TIC y economía digital,2.4529,0.381968928105216,8.433725,0.5225964268163135,0.4241571777185452,S3,Estabilidad,Moderada,#378ADD,M07,0.4241571777185452,0.409,0.0151
2023T1,K,Financiero y seguros,23.8612,0.5598574784352208,13.391075,0.590789617126466,0.5691371200425943,S3,Estabilidad,Moderada,#378ADD,M08,0.5691371200425943,0.563,0.0062
2023T1,L,Inmobiliario,1.8036,0.3765736825355411,1.9261,0.4330776899726153,0.3935248847666633,S4,Decrecimiento,Media,#BA7517,M09,0.3935248847666633,0.3889,0.0046
2023T1,M + N,Servicios profesionales,3.4422,0.3901893446185063,6.7974,0.5000871785013346,0.4231586947833547,S3,Estabilidad,Moderada,#378ADD,M10,0.4231586947833547,0.4127,0.0105
2023T1,O + P + Q,"Gobierno, educación y salud",0.4399,0.3652422542537519,0.5463250000000001,0.4140975374394695,0.3798988392094671,S4,Decrecimiento,Media,#BA7517,M11,0.3798988392094671,0.3646,0.0153
2023T1,R + S + T,"Arte, recreación y otros servicios",15.1375,0.4873694085504629,24.193325,0.739385114726564,0.5629741204032932,S3,Estabilidad,Moderada,#378ADD,M12,0.5629741204032932,0.552,0.0109
2023T2,A,Agropecuario,-1.4585,0.3494678291968122,-1.17985,0.3903523146321979,0.3617331748274279,S4,Decrecimiento,Media,#BA7517,M01,0.3617331748274279,0.3442,0.0175
2023T2,B,Minería y energía,3.3743,0.3896251413624137,2.0185500000000003,0.434349430003917,0.4030424279548647,S3,Estabilidad,Moderada,#378ADD,M02,0.4030424279548647,0.3804,0.0226
2023T2,C,Manufactura,-1.4618,0.3494404084200065,2.4568749999999997,0.4403790184216599,0.3767219914205025,S4,Decrecimiento,Media,#BA7517,M03,0.3767219914205025,0.3435,0.0332
2023T2,D + E,Electricidad y servicios públicos,2.5113,0.3824541927614134,2.5589500000000003,0.4417831597271778,0.4002528828511427,S3,Estabilidad,Moderada,#378ADD,M04,0.4002528828511427,0.3741,0.0262
2023T2,F,Construcción,-1.3046,0.3507466345151134,2.552775,0.4416982165720313,0.3780321091321887,S4,Decrecimiento,Media,#BA7517,M05,0.3780321091321887,0.35,0.028
2023T2,G + H + I,"Comercio, transporte y turismo",-4.3764,0.3252220459721787,1.91385,0.4329091792599767,0.3575281859585181,S4,Decrecimiento,Media,#BA7517,M06,0.3575281859585181,0.3342,0.0234
2023T2,J,TIC y economía digital,0.9197,0.3692290690147715,4.499375000000001,0.4684756005085585,0.3990030284629076,S4,Decrecimiento,Media,#BA7517,M07,0.3990030284629076,0.3786,0.0204
2023T2,K,Financiero y seguros,4.7637,0.401170119330235,11.735025,0.5680090321741975,0.4512217931834238,S3,Estabilidad,Moderada,#378ADD,M08,0.4512217931834238,0.4391,0.0122
2023T2,L,Inmobiliario,1.7979,0.376526319375604,1.85785,0.4321388445736284,0.3932100769350113,S4,Decrecimiento,Media,#BA7517,M09,0.3932100769350113,0.3871,0.0062
2023T2,M + N,Servicios profesionales,1.4367,0.3735249907143279,3.90795,0.4603399720822456,0.3995694851247032,S4,Decrecimiento,Media,#BA7517,M10,0.3995694851247032,0.3855,0.014
2023T2,O + P + Q,"Gobierno, educación y salud",4.8961,0.4022702741329841,0.365025,0.4116035788924169,0.4050702655608139,S3,Estabilidad,Moderada,#378ADD,M11,0.4050702655608139,0.3876,0.0175
2023T2,R + S + T,"Arte, recreación y otros servicios",13.3352,0.4723935097514098,21.5739,0.7033523658732106,0.5416811665879501,S3,Estabilidad,Moderada,#378ADD,M12,0.5416811665879501,0.5269,0.0148
2023T3,A,Agropecuario,1.3999,0.373219207506313,-0.62565,0.3979758768317373,0.3806462083039403,S4,Decrecimiento,Media,#BA7517,M01,0.3806462083039403,0.3614,0.0193
2023T3,B,Minería y energía,2.1157,0.3791670232752538,0.7775000000000002,0.4172775753165508,0.3906001888876429,S4,Decrecimiento,Media,#BA7517,M02,0.3906001888876429,0.3643,0.0263
2023T3,C,Manufactura,-4.0986,0.3275303768196386,0.032724999999999,0.4070324678875325,0.3513810041400067,S4,Decrecimiento,Media,#BA7517,M03,0.3513810041400067,0.3148,0.0366
2023T3,D + E,Electricidad y servicios públicos,3.7243,0.3925334055690767,2.7080750000000005,0.4438345197289935,0.4079237398170517,S3,Estabilidad,Moderada,#378ADD,M04,0.4079237398170517,0.3805,0.0274
2023T3,F,Construcción,-7.4452,0.2997223854081582,-2.883525,0.3669166012971199,0.3198806501748467,S4,Decrecimiento,Media,#BA7517,M05,0.3198806501748467,0.2847,0.0352
2023T3,G + H + I,"Comercio, transporte y turismo",-5.9421,0.3122121337768298,-2.418075,0.3733193205785626,0.3305442898173497,S4,Decrecimiento,Media,#BA7517,M06,0.3305442898173497,0.3033,0.0272
2023T3,J,TIC y economía digital,-1.1405,0.3521101949617231,1.0443250000000002,0.4209480137573522,0.3727615406004118,S4,Decrecimiento,Media,#BA7517,M07,0.3727615406004118,0.349,0.0238
2023T3,K,Financiero y seguros,2.5357,0.3826569403232494,9.991125,0.5440199846827202,0.4310658536310906,S3,Estabilidad,Moderada,#378ADD,M08,0.4310658536310906,0.4163,0.0147
2023T3,L,Inmobiliario,1.7539,0.3761607090181949,1.77875,0.4310507468291614,0.3926277203614848,S4,Decrecimiento,Media,#BA7517,M09,0.3926277203614848,0.385,0.0076
2023T3,M + N,Servicios profesionales,1.0584,0.3703815725732404,2.3696750000000004,0.4391794972672034,0.3910209499814293,S4,Decrecimiento,Media,#BA7517,M10,0.3910209499814293,0.3752,0.0158
2023T3,O + P + Q,"Gobierno, educación y salud",7.3224,0.4224311925462019,2.46905,0.440546497436058,0.4278657840131588,S3,Estabilidad,Moderada,#378ADD,M11,0.4278657840131588,0.4095,0.0184
2023T3,R + S + T,"Arte, recreación y otros servicios",10.5567,0.4493060466136587,17.8271,0.6518114729658953,0.5100576745193297,S3,Estabilidad,Moderada,#378ADD,M12,0.5100576745193297,0.493,0.0171
2023T4,A,Agropecuario,5.7661,0.4094993880181176,1.636575,0.4290949908643121,0.415378068871976,S3,Estabilidad,Moderada,#378ADD,M01,0.415378068871976,0.3976,0.0178
2023T4,B,Minería y energía,1.5943,0.3748345405399566,2.5894000000000004,0.4422020292128796,0.3950447871418335,S4,Decrecimiento,Media,#BA7517,M02,0.3950447871418335,0.3698,0.0252
2023T4,C,Manufactura,-3.4986,0.3325159726024893,-1.512625000000001,0.385774669538456,0.3484935816832792,S4,Decrecimiento,Media,#BA7517,M03,0.3484935816832792,0.3144,0.0341
2023T4,D + E,Electricidad y servicios públicos,3.9512,0.3944187917076247,3.1416750000000007,0.4497991111575758,0.41103288754261,S3,Estabilidad,Moderada,#378ADD,M04,0.41103288754261,0.3851,0.026
2023T4,F,Construcción,-1.6688,0.347720377874923,-3.059125,0.3645010518163564,0.352754580057353,S4,Decrecimiento,Media,#BA7517,M05,0.352754580057353,0.32,0.0327
2023T4,G + H + I,"Comercio, transporte y turismo",-3.1718,0.335231460438882,-3.596475,0.3571092778215486,0.341794805653682,S4,Decrecimiento,Media,#BA7517,M06,0.341794805653682,0.3162,0.0256
2023T4,J,TIC y economía digital,3.8236,0.3933585216711384,1.513925,0.427407820341444,0.4035733112722301,S3,Estabilidad,Moderada,#378ADD,M07,0.4035733112722301,0.3823,0.0213
2023T4,K,Financiero y seguros,6.5846,0.4163005715985565,9.4363,0.5363878249978421,0.4523267476183421,S3,Estabilidad,Moderada,#378ADD,M08,0.4523267476183421,0.4392,0.0131
2023T4,L,Inmobiliario,2.0448,0.378577892040247,1.85005,0.4320315479566013,0.3946139888151533,S4,Decrecimiento,Media,#BA7517,M09,0.3946139888151533,0.3879,0.0068
2023T4,M + N,Servicios profesionales,1.8355,0.3768387500446626,1.9432,0.4333129171714824,0.3937810001827085,S4,Decrecimiento,Media,#BA7517,M10,0.3937810001827085,0.3789,0.0149
2023T4,O + P + Q,"Gobierno, educación y salud",6.7672,0.4178178545818041,4.8564,0.4733868280334422,0.4344885466172955,S3,Estabilidad,Moderada,#378ADD,M11,0.4344885466172955,0.4171,0.0174
2023T4,R + S + T,"Arte, recreación y otros servicios",4.2703,0.3970702977314708,10.824925,0.5554897179233841,0.4445961237890448,S3,Estabilidad,Moderada,#378ADD,M12,0.4445961237890448,0.4262,0.0184
2024T1,A,Agropecuario,2.8829,0.385541938416259,2.1476,0.4361246387766536,0.4007167485243773,S3,Estabilidad,Moderada,#378ADD,M01,0.4007167485243773,0.3812,0.0195
2024T1,B,Minería y energía,-0.7518,0.3553400300963798,1.5831250000000003,0.4283597339181458,0.3772459412429096,S4,Decrecimiento,Media,#BA7517,M02,0.3772459412429096,0.3509,0.0264
2024T1,C,Manufactura,-5.5265,0.3156654897890844,-3.646375000000001,0.3564228545921061,0.3278926992299908,S4,Decrecimiento,Media,#BA7517,M03,0.3278926992299908,0.2904,0.0374
2024T1,D + E,Electricidad y servicios públicos,5.5691,0.4078624507360817,3.938975,0.4607667512544591,0.4237337408915949,S3,Estabilidad,Moderada,#378ADD,M04,0.4237337408915949,0.3984,0.0254
2024T1,F,Construcción,-0.556,0.3569669961868502,-2.74365,0.3688407185159227,0.3605291128855719,S4,Decrecimiento,Media,#BA7517,M05,0.3605291128855719,0.3255,0.035
2024T1,G + H + I,"Comercio, transporte y turismo",-0.9734,0.353498683387247,-3.615925,0.3568417240778079,0.3545015955944153,S4,Decrecimiento,Media,#BA7517,M06,0.3545015955944153,0.3274,0.0271
2024T1,J,TIC y economía digital,-2.3007,0.3424697145829508,0.3255249999999999,0.4110602178190106,0.3630468655537687,S4,Decrecimiento,Media,#BA7517,M07,0.3630468655537687,0.3377,0.0253
2024T1,K,Financiero y seguros,-2.1994,0.3433114493376221,2.92115,0.4467655744306659,0.3743476868655352,S4,Decrecimiento,Media,#BA7517,M08,0.3743476868655352,0.3534,0.021
2024T1,L,Inmobiliario,2.0839,0.3789027866987628,1.920125,0.4329954980127772,0.3951306000929671,S4,Decrecimiento,Media,#BA7517,M09,0.3951306000929671,0.3873,0.0079
2024T1,M + N,Servicios profesionales,-0.4147,0.3581411039937114,0.978975,0.4200490606903368,0.376713491002699,S4,Decrecimiento,Media,#BA7517,M10,0.376713491002699,0.3597,0.017
2024T1,O + P + Q,"Gobierno, educación y salud",5.7806,0.4096198732495365,6.191575,0.4917534640128179,0.4342599504785209,S3,Estabilidad,Moderada,#378ADD,M11,0.4342599504785209,0.415,0.0193
2024T1,R + S + T,"Arte, recreación y otros servicios",6.171,0.4128638342389114,8.5833,0.5246539770075731,0.4464008770695098,S3,Estabilidad,Moderada,#378ADD,M12,0.4464008770695098,0.4267,0.0197
2024T2,A,Agropecuario,7.4293,0.4233194595281798,4.36955,0.4666897308540021,0.4363305409259264,S3,Estabilidad,Moderada,#378ADD,M01,0.4363305409259264,0.4196,0.0168
2024T2,B,Minería y energía,-1.8968,0.3458258514774397,0.2653500000000003,0.4102324519305998,0.3651478316133877,S4,Decrecimiento,Media,#BA7517,M02,0.3651478316133877,0.3394,0.0258
2024T2,C,Manufactura,-2.0387,0.3446467580747955,-3.790600000000001,0.3544388988753458,0.3475844003149606,S4,Decrecimiento,Media,#BA7517,M03,0.3475844003149606,0.3144,0.0332
2024T2,D + E,Electricidad y servicios públicos,3.0114,0.3866096868464195,4.064,0.4624865922216143,0.409372758458978,S3,Estabilidad,Moderada,#378ADD,M04,0.409372758458978,0.3825,0.0269
2024T2,F,Construcción,0.1048,0.3624577990090297,-2.3913,0.3736876368504729,0.3658267503614626,S4,Decrecimiento,Media,#BA7517,M05,0.3658267503614626,0.3337,0.0322
2024T2,G + H + I,"Comercio, transporte y turismo",-0.0588,0.3610983932255724,-2.536525,0.3716899251571706,0.3642758528050519,S4,Decrecimiento,Media,#BA7517,M06,0.3642758528050519,0.3391,0.0251
2024T2,J,TIC y economía digital,-1.116,0.3523137734561894,-0.1834,0.4040594574574073,0.3678374786565548,S4,Decrecimiento,Media,#BA7517,M07,0.3678374786565548,0.3433,0.0246
2024T2,K,Financiero y seguros,2.1826,0.3797229172050417,2.275875,0.43788918666757,0.3971727980438002,S4,Decrecimiento,Media,#BA7517,M08,0.3971727980438002,0.3787,0.0185
2024T2,L,Inmobiliario,2.2729,0.3804732493703608,2.038875,0.4346290202271319,0.3967199806273921,S4,Decrecimiento,Media,#BA7517,M09,0.3967199806273921,0.3893,0.0074
2024T2,M + N,Servicios profesionales,-0.3782,0.3584443944038349,0.52525,0.4138076302338482,0.3750533651528389,S4,Decrecimiento,Media,#BA7517,M10,0.3750533651528389,0.3588,0.0163
2024T2,O + P + Q,"Gobierno, educación y salud",4.3455,0.3976951590695881,6.053925,0.4898599538418208,0.4253445975012579,S3,Estabilidad,Moderada,#378ADD,M11,0.4253445975012579,0.4063,0.019
2024T2,R + S + T,"Arte, recreación y otros servicios",10.8825,0.4520132251237466,7.970124999999999,0.5162191560914732,0.4712750044140645,S3,Estabilidad,Moderada,#378ADD,M12,0.4712750044140645,0.4536,0.0177
2024T3,A,Agropecuario,8.5947,0.4330031484037369,6.168249999999999,0.4914326058599773,0.4505319856406089,S3,Estabilidad,Moderada,#378ADD,M01,0.4505319856406089,0.4347,0.0158
2024T3,B,Minería y energía,-5.6039,0.3150223479330966,-1.6645499999999998,0.3836847928023229,0.3356210813938645,S4,Decrecimiento,Media,#BA7517,M02,0.3356210813938645,0.3091,0.0265
2024T3,C,Manufactura,-2.2546,0.3428527745255998,-3.329600000000001,0.360780404061177,0.3482310633862729,S4,Decrecimiento,Media,#BA7517,M03,0.3482310633862729,0.3157,0.0325
2024T3,D + E,Electricidad y servicios públicos,1.3161,0.3725228859619748,3.4619500000000003,0.4542048065445435,0.3970274621367454,S4,Decrecimiento,Media,#BA7517,M04,0.3970274621367454,0.3685,0.0285
2024T3,F,Construcción,2.045,0.378579553905508,-0.01875,0.4063243789950365,0.3869030014323665,S4,Decrecimiento,Media,#BA7517,M05,0.3869030014323665,0.3566,0.0303
2024T3,G + H + I,"Comercio, transporte y turismo",1.0503,0.370314267030172,-0.788425,0.3957367477501241,0.3779410112461576,S4,Decrecimiento,Media,#BA7517,M06,0.3779410112461576,0.3543,0.0237
2024T3,J,TIC y economía digital,1.5868,0.3747722205926709,0.4984249999999999,0.4134386261631109,0.3863721422638029,S4,Decrecimiento,Media,#BA7517,M07,0.3863721422638029,0.3633,0.0231
2024T3,K,Financiero y seguros,5.0471,0.4035249824050015,2.903725,0.4465258765394228,0.4164252506453278,S3,Estabilidad,Moderada,#378ADD,M08,0.4164252506453278,0.3998,0.0167
2024T3,L,Inmobiliario,2.2172,0.3800104198951861,2.1547,0.4362223062101013,0.3968739857896606,S4,Decrecimiento,Media,#BA7517,M09,0.3968739857896606,0.3901,0.0068
2024T3,M + N,Servicios profesionales,-0.4941,0.3574813434851142,0.137125,0.4084685918385104,0.372777517991133,S4,Decrecimiento,Media,#BA7517,M10,0.372777517991133,0.357,0.0158
2024T3,O + P + Q,"Gobierno, educación y salud",1.4919,0.3739836655263501,4.5963,0.4698088985348854,0.4027312354289106,S3,Estabilidad,Moderada,#378ADD,M11,0.4027312354289106,0.383,0.0197
2024T3,R + S + T,"Arte, recreación y otros servicios",11.4451,0.4566880521027996,8.192225,0.5192743584814365,0.4754639440163906,S3,Estabilidad,Moderada,#378ADD,M12,0.4754639440163906,0.4586,0.0169
2024T4,A,Agropecuario,5.4717,0.4070531223539989,6.09465,0.490420165986491,0.4320632354437465,S3,Estabilidad,Moderada,#378ADD,M01,0.4320632354437465,0.417,0.015
2024T4,B,Minería y energía,-5.2042,0.3183435856571057,-3.364175,0.3603047911722397,0.3309319473116459,S4,Decrecimiento,Media,#BA7517,M02,0.3309319473116459,0.3062,0.0247
2024T4,C,Manufactura,-0.5056,0.3573857862326096,-2.581350000000001,0.3710733135086785,0.3614920444154302,S4,Decrecimiento,Media,#BA7517,M03,0.3614920444154302,0.3302,0.0313
2024T4,D + E,Electricidad y servicios públicos,0.2614,0.3637590395083538,2.5395000000000003,0.4415156059834372,0.3870860094508788,S4,Decrecimiento,Media,#BA7517,M04,0.3870860094508788,0.3573,0.0298
2024T4,F,Construcción,-1.1613,0.3519373609745843,0.1081249999999999,0.4080696685187943,0.3687770532378472,S4,Decrecimiento,Media,#BA7517,M05,0.3687770532378472,0.3396,0.0292
2024T4,G + H + I,"Comercio, transporte y turismo",4.4933,0.3989232774974303,1.12785,0.4220969816980171,0.4058753887576063,S3,Estabilidad,Moderada,#378ADD,M06,0.4058753887576063,0.3836,0.0222
2024T4,J,TIC y economía digital,0.8703,0.3688185882953168,-0.2399,0.403282244782788,0.3791576852415582,S4,Decrecimiento,Media,#BA7517,M07,0.3791576852415582,0.356,0.0231
2024T4,K,Financiero y seguros,-0.491,0.357507102396659,1.1348250000000002,0.4221929296343971,0.3769128505679804,S4,Decrecimiento,Media,#BA7517,M08,0.3769128505679804,0.3562,0.0207
2024T4,L,Inmobiliario,2.2612,0.3803760302525952,2.2088,0.4369665045410199,0.3973531725391225,S4,Decrecimiento,Media,#BA7517,M09,0.3973531725391225,0.39,0.0074
2024T4,M + N,Servicios profesionales,-0.3919,0.3583305566334598,-0.419725,0.4008085763011348,0.3710739625337623,S4,Decrecimiento,Media,#BA7517,M10,0.3710739625337623,0.3552,0.0159
2024T4,O + P + Q,"Gobierno, educación y salud",4.7318,0.4009050518211134,4.0874500000000005,0.4628091698715227,0.4194762872362362,S3,Estabilidad,Moderada,#378ADD,M11,0.4194762872362362,0.4003,0.0192
2024T4,R + S + T,"Arte, recreación y otros servicios",4.6513,0.400236151053581,8.287475,0.5205846152470557,0.4363406903116233,S3,Estabilidad,Moderada,#378ADD,M12,0.4363406903116233,0.4183,0.018
2025T1,A,Agropecuario,6.3465,0.4143221210053952,6.96055,0.5023314660741509,0.4407249245260219,S3,Estabilidad,Moderada,#378ADD,M01,0.4407249245260219,0.4272,0.0135
2025T1,B,Minería y energía,-5.7219,0.314041847429136,-4.6067,0.3432126464194741,0.3227930871262374,S4,Decrecimiento,Media,#BA7517,M02,0.3227930871262374,0.2984,0.0244
2025T1,C,Manufactura,1.4254,0.3734310953270842,-0.8433750000000009,0.3949808568391448,0.3798960237807023,S4,Decrecimiento,Media,#BA7517,M03,0.3798960237807023,0.3509,0.029
2025T1,D + E,Electricidad y servicios públicos,-1.328,0.3505521962795822,0.8152250000000005,0.4177965195315953,0.3707254932551861,S4,Decrecimiento,Media,#BA7517,M04,0.3707254932551861,0.339,0.0317
2025T1,F,Construcción,-3.0118,0.3365609526476422,-0.505825,0.3996241867208744,0.3554799228696118,S4,Decrecimiento,Media,#BA7517,M05,0.3554799228696118,0.3277,0.0278
2025T1,G + H + I,"Comercio, transporte y turismo",3.6868,0.3922218058326485,2.2929,0.4381233821681964,0.4059922787333128,S3,Estabilidad,Moderada,#378ADD,M06,0.4059922787333128,0.385,0.021
2025T1,J,TIC y economía digital,0.4445,0.3652804771547537,0.4464,0.4127229714835168,0.3795132254533826,S4,Decrecimiento,Media,#BA7517,M07,0.3795132254533826,0.3576,0.022
2025T1,K,Financiero y seguros,3.2794,0.3888365862960929,2.504525,0.441034490703883,0.4044959576184299,S3,Estabilidad,Moderada,#378ADD,M08,0.4044959576184299,0.3875,0.017
2025T1,L,Inmobiliario,1.992,0.3781391596113561,2.185825,0.4366504609799689,0.3956925500219399,S4,Decrecimiento,Media,#BA7517,M09,0.3956925500219399,0.3887,0.007
2025T1,M + N,Servicios profesionales,1.1672,0.3712856272751974,-0.0242499999999999,0.4062487211240559,0.381774555429855,S4,Decrecimiento,Media,#BA7517,M10,0.381774555429855,0.367,0.0147
2025T1,O + P + Q,"Gobierno, educación y salud",3.6155,0.3916293508671197,3.546175,0.4553634036687877,0.4107495667076201,S3,Estabilidad,Moderada,#378ADD,M11,0.4107495667076201,0.3923,0.0184
2025T1,R + S + T,"Arte, recreación y otros servicios",15.5812,0.491056256631881,10.640025,0.5529462378607807,0.509623251000551,S3,Estabilidad,Moderada,#378ADD,M12,0.509623251000551,0.495,0.0146
2025T2,A,Agropecuario,3.7197,0.3924951826680748,6.03315,0.4895741734291621,0.421618879896401,S3,Estabilidad,Moderada,#378ADD,M01,0.421618879896401,0.408,0.0137
2025T2,B,Minería y energía,-10.2572,0.2763565598391979,-6.6968,0.3144612798491795,0.2877879758421924,S4,Decrecimiento,Media,#BA7517,M02,0.2877879758421924,0.2627,0.0251
2025T2,C,Manufactura,0.7811,0.368077396388933,-0.1384250000000008,0.4046781325023806,0.3790576172229672,S4,Decrecimiento,Media,#BA7517,M03,0.3790576172229672,0.3489,0.0302
2025T2,D + E,Electricidad y servicios públicos,0.9021,0.3690828248718078,0.2879000000000005,0.4105426492016203,0.3815207721707515,S4,Decrecimiento,Media,#BA7517,M04,0.3815207721707515,0.3511,0.0304
2025T2,F,Construcción,-3.5755,0.3318769854096539,-1.4259,0.3869676566040552,0.3484041867679743,S4,Decrecimiento,Media,#BA7517,M05,0.3484041867679743,0.3208,0.0276
2025T2,G + H + I,"Comercio, transporte y turismo",5.8064,0.4098342538681991,3.7592,0.4582937705716331,0.4243721088792292,S3,Estabilidad,Moderada,#378ADD,M06,0.4243721088792292,0.4046,0.0197
2025T2,J,TIC y economía digital,2.9116,0.3857804160812054,1.4533,0.4265738642635893,0.3980184505359205,S4,Decrecimiento,Media,#BA7517,M07,0.3980184505359205,0.378,0.02
2025T2,K,Financiero y seguros,2.8023,0.3848722067160961,2.65945,0.443165635369642,0.4023602353121598,S3,Estabilidad,Moderada,#378ADD,M08,0.4023602353121598,0.385,0.0173
2025T2,L,Inmobiliario,1.9845,0.3780768396640705,2.113725,0.4356586550712955,0.3953513842862379,S4,Decrecimiento,Media,#BA7517,M09,0.3953513842862379,0.3884,0.007
2025T2,M + N,Servicios profesionales,1.5592,0.3745428831866598,0.4600999999999999,0.4129114283621413,0.3860534467393043,S4,Decrecimiento,Media,#BA7517,M10,0.3860534467393043,0.3719,0.0142
2025T2,O + P + Q,"Gobierno, educación y salud",1.6548,0.375337254781394,2.8735000000000004,0.4461101021484429,0.3965691089915086,S4,Decrecimiento,Media,#BA7517,M11,0.3965691089915086,0.3778,0.0188
2025T2,R + S + T,"Arte, recreación y otros servicios",7.7175,0.4257142073692091,9.848775,0.542061821421976,0.4606184915850391,S3,Estabilidad,Moderada,#378ADD,M12,0.4606184915850391,0.445,0.0156
2025T3,A,Agropecuario,3.0812,0.3871896778224912,4.654775,0.4706132792631749,0.4122167582546963,S3,Estabilidad,Moderada,#378ADD,M01,0.4122167582546963,0.4,0.0123
2025T3,B,Minería y energía,-5.9172,0.3124190360018181,-6.775124999999999,0.3133838429865326,0.3127084780972324,S4,Decrecimiento,Media,#BA7517,M02,0.3127084780972324,0.2902,0.0225
2025T3,C,Manufactura,4.1348,0.395944384017177,1.4589249999999991,0.4266512416316377,0.4051564413015152,S3,Estabilidad,Moderada,#378ADD,M03,0.4051564413015152,0.3782,0.027
2025T3,D + E,Electricidad y servicios públicos,2.0604,0.3787075175306011,0.4739750000000005,0.4131022925366606,0.3890259500324189,S4,Decrecimiento,Media,#BA7517,M04,0.3890259500324189,0.3606,0.0284
2025T3,F,Construcción,-1.8782,0.3459804049467081,-2.4067,0.3734757948117271,0.3542290219062138,S4,Decrecimiento,Media,#BA7517,M05,0.3542290219062138,0.3299,0.0244
2025T3,G + H + I,"Comercio, transporte y turismo",5.6513,0.4085454773583322,4.90945,0.4741165825889917,0.42821680892753,S3,Estabilidad,Moderada,#378ADD,M06,0.42821680892753,0.4099,0.0183
2025T3,J,TIC y economía digital,1.9101,0.377458625786997,1.534125,0.4276856910675911,0.3925267453711752,S4,Decrecimiento,Media,#BA7517,M07,0.3925267453711752,0.3724,0.0201
2025T3,K,Financiero y seguros,4.3523,0.3977516624884604,2.48575,0.4407762222443083,0.4106590304152147,S3,Estabilidad,Moderada,#378ADD,M08,0.4106590304152147,0.3939,0.0167
2025T3,L,Inmobiliario,2.0596,0.3787008700695574,2.074325,0.4351166695955434,0.3956256099273532,S4,Decrecimiento,Media,#BA7517,M09,0.3956256099273532,0.389,0.0067
2025T3,M + N,Servicios profesionales,1.1669,0.371283134477306,0.87535,0.418623597621179,0.3854852734204679,S4,Decrecimiento,Media,#BA7517,M10,0.3854852734204679,0.3716,0.0139
2025T3,O + P + Q,"Gobierno, educación y salud",7.9239,0.4274292523185098,4.4815000000000005,0.4682297124278714,0.4396693903513182,S3,Estabilidad,Moderada,#378ADD,M11,0.4396693903513182,0.4235,0.0162
2025T3,R + S + T,"Arte, recreación y otros servicios",5.1847,0.4046683457045353,8.283674999999999,0.5205323425361964,0.4394275447540335,S3,Estabilidad,Moderada,#378ADD,M12,0.4394275447540335,0.4239,0.0155
2025T4,A,Agropecuario,-0.4239,0.3580646581917077,3.180875,0.4503383454380196,0.3857467643656013,S4,Decrecimiento,Media,#BA7517,M01,0.3857467643656013,0.3711,0.0146
2025T4,B,Minería y energía,-2.9016,0.3374766404064257,-6.199474999999999,0.3213024708828965,0.3326243895493669,S4,Decrecimiento,Media,#BA7517,M02,0.3326243895493669,0.3099,0.0228
2025T4,C,Manufactura,1.0207,0.3700683109715513,1.8404999999999991,0.4319001783806258,0.3886178711942737,S4,Decrecimiento,Media,#BA7517,M03,0.3886178711942737,0.3583,0.0303
2025T4,D + E,Electricidad y servicios públicos,2.8912,0.3856109058245884,1.1314250000000006,0.4221461593141545,0.3965714818714582,S4,Decrecimiento,Media,#BA7517,M04,0.3965714818714582,0.3689,0.0276
2025T4,F,Construcción,-2.6142,0.3398647407864112,-2.769925,0.3684792802322835,0.3484491026201729,S4,Decrecimiento,Media,#BA7517,M05,0.3484491026201729,0.3214,0.0271
2025T4,G + H + I,"Comercio, transporte y turismo",3.4046,0.3898769139494477,4.637275,0.4703725496736911,0.4140256046667208,S3,Estabilidad,Moderada,#378ADD,M06,0.4140256046667208,0.3937,0.0204
2025T4,J,TIC y economía digital,-1.1616,0.3519348681766928,1.02615,0.4206979988837026,0.3725638073887957,S4,Decrecimiento,Media,#BA7517,M07,0.3725638073887957,0.3509,0.0216
2025T4,K,Financiero y seguros,0.6525,0.367008817026142,2.771625,0.4447087120382334,0.3903187855297694,S4,Decrecimiento,Media,#BA7517,M08,0.3903187855297694,0.3722,0.0181
2025T4,L,Inmobiliario,1.8985,0.3773622376018619,1.98365,0.4338693464226036,0.3943143702480844,S4,Decrecimiento,Media,#BA7517,M09,0.3943143702480844,0.3872,0.0071
2025T4,M + N,Servicios profesionales,1.4529,0.3736596018004648,1.33655,0.4249678540023186,0.3890520774610209,S4,Decrecimiento,Media,#BA7517,M10,0.3890520774610209,0.3747,0.0144
2025T4,O + P + Q,"Gobierno, educación y salud",4.8169,0.4016121754896478,4.502775000000001,0.4685223708288011,0.4216852340913938,S3,Estabilidad,Moderada,#378ADD,M11,0.4216852340913938,0.4043,0.0174
2025T4,R + S + T,"Arte, recreación y otros servicios",11.5403,0.4574790999670119,10.005925,0.5442235731355408,0.4835024419175706,S3,Estabilidad,Moderada,#378ADD,M12,0.4835024419175706,0.4687,0.0148
